ID	Description	GeneRatio	BgRatio	pvalue	p.adjust	qvalue	geneID	Count	Gene_name
cel01200	Carbon metabolism	76/981	108/3508	1.668646827024475e-20	1.7520791683756988e-18	9.133645790028707e-19	CELE_ZK455.1/CELE_F54H12.1/CELE_F13D12.4/CELE_Y54G11A.6/CELE_Y54G11A.5/CELE_T20G5.2/CELE_T05G5.6/CELE_Y105E8A.4/CELE_K07A3.1/CELE_H14A12.2/CELE_C05E4.9/CELE_T09F3.3/CELE_K10B3.8/CELE_K10B3.7/CELE_F33H1.2/CELE_T02G5.8/CELE_F20H11.3/CELE_C05D11.11/CELE_T07C4.7/CELE_D2023.2/CELE_F42A8.2/CELE_Y17G7B.7/CELE_B0035.5/CELE_C17G1.7/CELE_C31C9.2/CELE_C34F6.8/CELE_C36A4.9/CELE_F01G10.1/CELE_F23B12.5/CELE_F25H5.3/CELE_F26H9.5/CELE_F43G9.1/CELE_F47B10.1/CELE_F59B8.2/CELE_K10H10.2/CELE_LLC1.3/CELE_T05D4.1/CELE_T05H10.6/CELE_T14D7.1/CELE_T21B10.2/CELE_T25B9.9/CELE_Y48B6A.12/CELE_Y48G10A.1/CELE_Y57G11C.3/CELE_Y87G2A.8/CELE_ZK593.1/CELE_ZK829.4/CELE_B0280.3/CELE_C03G5.1/CELE_C04C3.3/CELE_C14F11.1/CELE_C30F12.7/CELE_C32F10.8/CELE_C34B2.7/CELE_C44E4.3/CELE_C50D2.7/CELE_C50F7.4/CELE_F01F1.12/CELE_F08F8.7/CELE_F09F7.4/CELE_F27D9.5/CELE_F46E10.10/CELE_F52E4.1/CELE_F57B10.3/CELE_F59A7.9/CELE_H24K24.3/CELE_R08E5.2/CELE_R12C12.1/CELE_R151.2/CELE_T01C8.5/CELE_T02G5.7/CELE_T03F1.3/CELE_T22B11.5/CELE_W02F12.5/CELE_Y24D9A.8/CELE_Y71H10A.1	76	aco-1,aco-2,alh-8,ctl-1,ctl-2,cts-1,ech-6,ech-7,fbp-1,fum-1,icl-1,gpd-1,gpd-2,gpd-3,gpd-4,kat-1,mdh-2,mel-32,mev-1,pyc-1,sdhb-1,tpi-1,gspd-1,cysl-1,C31C9.2,idh-2,acs-19,tkt-1,dlat-1,pyk-1,F26H9.5,idha-1,suca-1,idh-1,cysl-2,dld-1,aldo-1,pdha-1,agxt-1,enol-1,T25B9.9,men-1,Y48G10A.1,Y57G11C.3,gpi-1,pyk-2,gdh-1,rpia-1,sdha-1,pdhb-1,got-2.2,idhg-2,C32F10.8,sdha-2,got-2.1,C50D2.7,sucg-1,aldo-2,F08F8.7,hach-1,pcca-1,mdh-1,pccb-1,ipgm-1,cysl-4,H24K24.3,cysl-3,gldc-1,R151.2,got-1.2,T02G5.7,pgk-1,ogdh-1,dlst-1,tald-1,pfk-1.1
cel04144	Endocytosis	74/981	110/3508	3.3777946271938946e-18	1.7733421792767945e-16	9.244490558635923e-17	CELE_F02E8.3/CELE_Y71H2B.10/CELE_T20B5.1/CELE_B0336.2/CELE_F57H12.1/CELE_Y116A8C.12/CELE_F45E4.1/CELE_Y71F9AL.16/CELE_K07C5.1/CELE_Y79H2A.6/CELE_Y37D8A.1/CELE_C35D10.16/CELE_M01B12.3/CELE_D2024.6/CELE_M106.5/CELE_T13F2.8/CELE_C56A3.7/CELE_R07G3.1/CELE_M110.5/CELE_R160.1/CELE_C02C6.1/CELE_T04C10.2/CELE_F19C6.1/CELE_F26D10.3/CELE_T26E3.3/CELE_F09E5.1/CELE_C04G6.3/CELE_F55A12.3/CELE_C07G1.5/CELE_C34G6.7/CELE_F26H9.6/CELE_W03C9.3/CELE_D1037.4/CELE_T23H2.5/CELE_F53G12.1/CELE_W04G5.2/CELE_Y47D3A.25/CELE_Y51H4A.3/CELE_W06H8.1/CELE_C05D9.1/CELE_Y92H12A.1/CELE_W06D4.5/CELE_T04D1.3/CELE_R05D3.7/CELE_C07G1.4/CELE_Y65B4BR.4/CELE_R10E12.1/CELE_C01A2.4/CELE_E01B7.1/CELE_F58G6.1/CELE_K10C8.3/CELE_T20G5.1/CELE_T23G11.7/CELE_Y6B3A.1/CELE_Y32F6B.3/CELE_Y46G5A.12/CELE_Y48E1B.1/CELE_Y55D9A.1/CELE_Y87G2A.10/CELE_ZK1128.8/CELE_C06A6.3/CELE_C09G12.9/CELE_C44C1.4/CELE_C56C10.3/CELE_CD4.4/CELE_F01F1.4/CELE_F23C8.6/CELE_F41E6.9/CELE_R12C12.5/CELE_T27F7.1/CELE_Y6D11A.2/CELE_Y34D9A.10/CELE_Y65B4A.3/CELE_Y92H12A.2	74	aps-2,apb-1,apa-2,arf-1.2,arf-3,arf-6,arf-1.1,arx-1,arx-2,arx-3,arx-5,arx-6,arx-7,cap-1,cap-2,cav-1,cav-2,cdc-42,dab-1,dpy-23,dyn-1,epn-1,grk-1,hsp-1,par-6,pkc-3,pld-1,ppk-1,hgrs-1,stam-1,rab-5,rab-7,rab-8,rab-10,rab-11.1,rab-11.2,rab-35,rho-1,rme-1,snx-1,src-1,snx-3,unc-57,unc-116,wsp-1,wwp-1,alx-1,C01A2.4,usp-50,amph-1,istr-1,chc-1,T23G11.7,agef-1,crp-1,vps-2,ddl-2,efa-6,vps-28,vps-29,mvb-12,tsg-101,vps-45,vps-32.1,vps-37,rabn-5,did-2,vps-60,R12C12.5,vps-24,arx-4,vps-4,vps-20,Y92H12A.2
cel01230	Biosynthesis of amino acids	51/981	71/3508	1.1207406615870056e-14	3.92259231555452e-13	2.0448601544745368e-13	CELE_ZK455.1/CELE_F54H12.1/CELE_K08F8.4/CELE_T20G5.2/CELE_Y105C5B.28/CELE_C28D4.3/CELE_T09F3.3/CELE_K10B3.8/CELE_K10B3.7/CELE_F33H1.2/CELE_C05D11.11/CELE_D2023.2/CELE_Y17G7B.7/CELE_C10C5.4/CELE_C17G1.7/CELE_C31C9.2/CELE_C34F6.8/CELE_C49F5.1/CELE_F01G10.1/CELE_F22B8.6/CELE_F25H5.3/CELE_F26H9.5/CELE_F43G9.1/CELE_F59B8.2/CELE_K10H10.2/CELE_R102.4/CELE_T05D4.1/CELE_T21B10.2/CELE_W07E11.1/CELE_ZC373.1/CELE_ZK593.1/CELE_B0280.3/CELE_C06A6.4/CELE_C06E7.3/CELE_C14F11.1/CELE_C30F12.7/CELE_C32F10.8/CELE_C44E4.3/CELE_F01F1.12/CELE_F08F8.7/CELE_F55G1.9/CELE_F57B10.3/CELE_F59A7.9/CELE_M02D8.4/CELE_R08E5.2/CELE_R151.2/CELE_T01C8.5/CELE_T03F1.3/CELE_Y24D9A.8/CELE_Y71H10A.1/CELE_ZK1127.10	51	aco-1,aco-2,pah-1,cts-1,gln-3,gln-6,gpd-1,gpd-2,gpd-3,gpd-4,mel-32,pyc-1,tpi-1,C10C5.4,cysl-1,C31C9.2,idh-2,sams-1,tkt-1,cth-1,pyk-1,F26H9.5,idha-1,idh-1,cysl-2,R102.4,aldo-1,enol-1,W07E11.1,cbs-1,pyk-2,rpia-1,C06A6.4,sams-4,got-2.2,idhg-2,C32F10.8,got-2.1,aldo-2,F08F8.7,F55G1.9,ipgm-1,cysl-4,asns-2,cysl-3,R151.2,got-1.2,pgk-1,tald-1,pfk-1.1,cth-2
cel03050	Proteasome	35/981	42/3508	8.599679993825546e-14	2.257415998379206e-12	1.1767983149445486e-12	CELE_C15H11.7/CELE_D1054.2/CELE_Y110A7A.14/CELE_C36B1.4/CELE_F25H2.9/CELE_CD4.6/CELE_ZK945.2/CELE_K08D12.1/CELE_C47B2.4/CELE_Y38A8.2/CELE_T20F5.2/CELE_K05C4.1/CELE_C02F5.9/CELE_F39H11.5/CELE_T22D1.9/CELE_C23G10.4/CELE_C30C11.2/CELE_F10G7.8/CELE_F57B9.10/CELE_F49C12.8/CELE_R12E2.3/CELE_T06D8.8/CELE_B0205.3/CELE_K07D4.3/CELE_ZK20.5/CELE_C52E4.4/CELE_F29G9.5/CELE_F23F12.6/CELE_F23F1.8/CELE_F56H1.4/CELE_Y49E10.1/CELE_C14C10.5/CELE_F59B2.5/CELE_C56G2.7/CELE_F56F11.4	35	pas-1,pas-2,pas-3,pas-4,pas-5,pas-6,pas-7,pbs-1,pbs-2,pbs-3,pbs-4,pbs-5,pbs-6,pbs-7,rpn-1,rpn-2,rpn-3,rpn-5,rpn-6.1,rpn-7,rpn-8,rpn-9,rpn-10,rpn-11,rpn-12,rpt-1,rpt-2,rpt-3,rpt-4,rpt-5,rpt-6,C14C10.5,rpn-6.2,rpn-13,F56F11.4
cel00010	Glycolysis / Gluconeogenesis	34/981	42/3508	1.0150554684088374e-12	2.1316164836585584e-11	1.1112186180475695e-11	CELE_F54D8.3/CELE_K04F1.15/CELE_T05H4.13/CELE_T08B1.3/CELE_F01F1.6/CELE_Y69F12A.2/CELE_K07A3.1/CELE_T09F3.3/CELE_K10B3.8/CELE_K10B3.7/CELE_F33H1.2/CELE_F13D12.2/CELE_Y17G7B.7/CELE_C36A4.9/CELE_F23B12.5/CELE_F25H5.3/CELE_K12G11.3/CELE_LLC1.3/CELE_R11A5.4/CELE_T05D4.1/CELE_T05H10.6/CELE_T21B10.2/CELE_Y43F4B.5/CELE_Y87G2A.8/CELE_ZK593.1/CELE_C04C3.3/CELE_C50D2.7/CELE_F01F1.12/CELE_F57B10.3/CELE_H24K24.3/CELE_R05F9.6/CELE_T03F1.3/CELE_W05G11.6/CELE_Y71H10A.1	34	alh-1,alh-2,alh-4,alh-5,alh-9,alh-12,fbp-1,gpd-1,gpd-2,gpd-3,gpd-4,ldh-1,tpi-1,acs-19,dlat-1,pyk-1,sodh-1,dld-1,pck-2,aldo-1,pdha-1,enol-1,Y43F4B.5,gpi-1,pyk-2,pdhb-1,C50D2.7,aldo-2,ipgm-1,H24K24.3,R05F9.6,pgk-1,pck-1,pfk-1.1
cel04145	Phagosome	44/981	63/3508	3.924635388112988e-12	6.868111929197729e-11	3.580369125997814e-11	CELE_T04C12.5/CELE_T25C8.2/CELE_C09G12.8/CELE_ZK632.6/CELE_T03E6.7/CELE_Y38A10A.5/CELE_T21E12.4/CELE_C39E9.14/CELE_C03B1.12/CELE_ZK154.3/CELE_C44B11.3/CELE_C35C5.4/CELE_ZK1058.2/CELE_C07G1.5/CELE_F26H9.6/CELE_W03C9.3/CELE_F26E4.8/CELE_C47B2.3/CELE_F44F4.11/CELE_F16D3.1/CELE_F32H2.9/CELE_T28D6.2/CELE_K01G5.7/CELE_C36E8.5/CELE_B0272.1/CELE_T04H1.9/CELE_ZK637.8/CELE_R10E11.8/CELE_T01H3.1/CELE_F35H10.4/CELE_VW02B12L.1/CELE_C17H12.14/CELE_ZK970.4/CELE_F46F11.5/CELE_Y38F2AL.3/CELE_F20B6.2/CELE_F55H2.2/CELE_Y49A3A.2/CELE_C17H12.1/CELE_C30F8.2/CELE_F55A4.1/CELE_T14F9.1/CELE_Y38F2AR.9/CELE_Y55H10A.1	44	act-2,act-5,ced-10,cnx-1,cpl-1,crt-1,dhc-1,dli-1,lmp-1,mec-7,mec-12,mig-2,pat-3,hgrs-1,rab-5,rab-7,tba-1,tba-2,tba-4,tba-5,tba-6,tba-7,tbb-1,tbb-2,tbb-4,tbb-6,unc-32,vha-1,vha-4,vha-5,vha-6,vha-8,vha-9,vha-10,vha-11,vha-12,vha-14,vha-13,dyci-1,vha-16,sec-22,vha-15,Y38F2AR.9,vha-19
cel03010	Ribosome	81/981	151/3508	9.695199107506597e-12	1.4542798661259895e-10	7.581208324666813e-11	CELE_F25H2.10/CELE_Y37E3.7/CELE_Y62E10A.1/CELE_Y71F9AL.13/CELE_B0250.1/CELE_F13B10.2/CELE_B0041.4/CELE_F54C9.5/CELE_R151.3/CELE_F53G12.10/CELE_Y24D9A.4/CELE_R13A5.8/CELE_F10B5.1/CELE_T22F3.4/CELE_F07D10.1/CELE_JC8.3/CELE_C32E8.2/CELE_C04F12.4/CELE_K11H12.2/CELE_M01F1.2/CELE_Y48G8AL.8/CELE_Y45F10D.12/CELE_C09D4.5/CELE_E04A4.8/CELE_C14B9.7/CELE_C27A2.2/CELE_B0336.10/CELE_D1007.12/CELE_F55D10.2/CELE_F52B5.6/CELE_F28C6.7/CELE_C53H9.1/CELE_R11D1.8/CELE_B0513.3/CELE_Y106G6H.3/CELE_W09C5.6/CELE_T24B8.1/CELE_F10E7.7/CELE_C42C1.14/CELE_ZK652.4/CELE_F37C12.4/CELE_C06B8.8/CELE_C26F1.9/CELE_C09H10.2/CELE_Y48B6A.2/CELE_B0393.1/CELE_F56F3.5/CELE_C49H3.11/CELE_C23G10.3/CELE_Y43B11AR.4/CELE_T05E11.1/CELE_Y71A12B.1/CELE_ZC434.2/CELE_F42C5.8/CELE_F40F8.10/CELE_D1007.6/CELE_F40F11.1/CELE_F54E7.2/CELE_C16A3.9/CELE_F37C12.9/CELE_F36A2.6/CELE_T01C3.6/CELE_T08B2.10/CELE_Y57G11C.16/CELE_T05F1.3/CELE_Y105E8A.16/CELE_F37C12.11/CELE_F53A3.3/CELE_F28D1.7/CELE_T07A9.11/CELE_K02B2.5/CELE_F39B2.6/CELE_F56E10.4/CELE_Y41D4B.5/CELE_B0412.4/CELE_C26F1.4/CELE_H06I04.4/CELE_ZK1010.1/CELE_W01D2.1/CELE_C37A2.7/CELE_Y37E3.8	81	rla-0,rla-1,rla-2,rpl-1,rpl-2,rpl-3,rpl-4,rpl-5,rpl-6,rpl-7,rpl-7A,rpl-9,rpl-10,rpl-11.1,rpl-11.2,rpl-12,rpl-13,rpl-14,rpl-15,rpl-16,rpl-17,rpl-18,rpl-19,rpl-20,rpl-21,rpl-22,rpl-23,rpl-24.1,rpl-25.1,rpl-25.2,rpl-26,rpl-27,rpl-28,rpl-29,rpl-30,rpl-31,rpl-32,rpl-33,rpl-34,rpl-35,rpl-36,rpl-38,rpl-39,rpl-36.A,rpl-43,rps-0,rps-1,rps-2,rps-3,rps-4,rps-5,rps-6,rps-7,rps-8,rps-9,rps-10,rps-11,rps-12,rps-13,rps-14,rps-15,rps-16,rps-17,rps-18,rps-19,rps-20,rps-21,rps-22,rps-23,rps-24,rps-25,rps-26,rps-27,rps-28,rps-29,rps-30,ubl-1,ubq-2,W01D2.1,C37A2.7,Y37E3.8
cel00020	Citrate cycle (TCA cycle)	27/981	33/3508	1.5500841386511224e-10	1.808431495092976e-9	9.427412305246593e-10	CELE_ZK455.1/CELE_F54H12.1/CELE_T20G5.2/CELE_H14A12.2/CELE_F20H11.3/CELE_T07C4.7/CELE_D2023.2/CELE_F42A8.2/CELE_B0365.1/CELE_C34F6.8/CELE_F23B12.5/CELE_F43G9.1/CELE_F47B10.1/CELE_F59B8.2/CELE_LLC1.3/CELE_R11A5.4/CELE_T05H10.6/CELE_C03G5.1/CELE_C04C3.3/CELE_C30F12.7/CELE_C34B2.7/CELE_C50F7.4/CELE_D1005.1/CELE_F46E10.10/CELE_T22B11.5/CELE_W02F12.5/CELE_W05G11.6	27	aco-1,aco-2,cts-1,fum-1,mdh-2,mev-1,pyc-1,sdhb-1,acly-2,idh-2,dlat-1,idha-1,suca-1,idh-1,dld-1,pck-2,pdha-1,sdha-1,pdhb-1,idhg-2,sdha-2,sucg-1,acly-1,mdh-1,ogdh-1,dlst-1,pck-1
cel00620	Pyruvate metabolism	27/981	33/3508	1.5500841386511224e-10	1.808431495092976e-9	9.427412305246593e-10	CELE_F54D8.3/CELE_K04F1.15/CELE_T05H4.13/CELE_T08B1.3/CELE_F01F1.6/CELE_Y69F12A.2/CELE_H14A12.2/CELE_C05E4.9/CELE_T02G5.8/CELE_F13D12.2/CELE_F20H11.3/CELE_W09B6.1/CELE_D2023.2/CELE_C36A4.9/CELE_F23B12.5/CELE_F25H5.3/CELE_K12G11.3/CELE_LLC1.3/CELE_R11A5.4/CELE_T05H10.6/CELE_Y48B6A.12/CELE_ZK593.1/CELE_C04C3.3/CELE_F46E10.10/CELE_H24K24.3/CELE_T02G5.7/CELE_W05G11.6	27	alh-1,alh-2,alh-4,alh-5,alh-9,alh-12,fum-1,icl-1,kat-1,ldh-1,mdh-2,pod-2,pyc-1,acs-19,dlat-1,pyk-1,sodh-1,dld-1,pck-2,pdha-1,men-1,pyk-2,pdhb-1,mdh-1,H24K24.3,T02G5.7,pck-1
cel00190	Oxidative phosphorylation	61/981	113/3508	2.9255874868316867e-9	3.071866861173271e-8	1.6013742033183972e-8	CELE_F35G12.10/CELE_F02E8.1/CELE_K07A12.3/CELE_C53B7.4/CELE_C34E10.6/CELE_F27C1.7/CELE_C54G4.8/CELE_F42G8.12/CELE_T07C4.7/CELE_F42A8.2/CELE_F54D8.2/CELE_ZK637.8/CELE_R10E11.8/CELE_T01H3.1/CELE_F35H10.4/CELE_VW02B12L.1/CELE_C17H12.14/CELE_ZK970.4/CELE_F46F11.5/CELE_Y38F2AL.3/CELE_F20B6.2/CELE_C06H2.1/CELE_C33A12.1/CELE_C47E12.4/CELE_D2030.4/CELE_F31D4.9/CELE_F45H10.2/CELE_F55H2.2/CELE_F59C6.5/CELE_H28O16.1/COX2/CELE_R04F11.2/CELE_R53.4/CELE_VW06B3R.1/CELE_W09C5.8/CELE_W10D5.2/CELE_Y37D8A.14/CELE_Y49A3A.2/CELE_Y51H1A.3/CELE_C03G5.1/CELE_C14B9.10/CELE_C30F8.2/CELE_C34B2.7/CELE_E04A4.7/CELE_F32D1.2/CELE_F42G8.10/CELE_F57B10.14/CELE_F58F12.1/CELE_K04G7.4/CELE_T02H6.11/CELE_T10E9.7/CELE_T14F9.1/CELE_T24C4.1/CELE_Y45G12B.1/CELE_Y53G8AL.2/CELE_Y54E10BL.5/CELE_Y54F10AM.5/CELE_Y55H10A.1/CELE_Y69A2AR.18/CELE_Y71H2AM.5/CELE_Y82E9BR.3	61	asb-1,asb-2,asg-1,asg-2,atp-2,atp-3,cyc-1,isp-1,mev-1,sdhb-1,cox-6A,unc-32,vha-1,vha-4,vha-5,vha-6,vha-8,vha-9,vha-10,vha-11,vha-12,atp-5,C33A12.1,pyp-1,D2030.4,F31D4.9,F45H10.2,vha-14,F59C6.5,atp-1,ctc-2,R04F11.2,R53.4,ucr-2.1,cox-4,nduf-7,cox-5A,vha-13,Y51H1A.3,sdha-1,C14B9.10,vha-16,sdha-2,cyc-2.1,hpo-18,F42G8.10,ucr-11,F58F12.1,nuo-4,T02H6.11,nuo-2,vha-15,ucr-2.3,nuo-5,Y53G8AL.2,nduf-5,Y54F10AM.5,vha-19,Y69A2AR.18,cox-6B,Y82E9BR.3
cel04142	Lysosome	57/981	104/3508	4.6668757904307104e-9	4.4547450726838594e-8	2.3222731205971002e-8	CELE_Y105E8A.9/CELE_F29G9.3/CELE_H22K11.1/CELE_R12H7.2/CELE_F07B10.1/CELE_ZC190.1/CELE_T03E6.7/CELE_C52E4.1/CELE_T10H4.12/CELE_F44C4.3/CELE_W07B8.5/CELE_C25B8.3/CELE_F32B5.8/CELE_M04G12.2/CELE_K04H4.6/CELE_F43E2.4/CELE_W04C9.1/CELE_ZK484.2/CELE_C03B1.12/CELE_C07B5.5/CELE_EGAP2.3/CELE_T16D1.2/CELE_K11G12.4/CELE_C28C12.7/CELE_R148.6/CELE_ZK637.8/CELE_R10E11.8/CELE_T01H3.1/CELE_F35H10.4/CELE_VW02B12L.1/CELE_F41E6.6/CELE_C05C10.4/CELE_C41C4.7/CELE_F02E9.7/CELE_F07H5.9/CELE_F13D12.6/CELE_F27E5.1/CELE_F54F3.3/CELE_F57F5.1/CELE_K11D2.2/CELE_M05B5.4/CELE_R07B7.11/CELE_T20G5.1/CELE_T28H10.3/CELE_Y16B4A.2/CELE_Y49E10.20/CELE_Y105E8B.9/CELE_C30F8.2/CELE_C33C12.3/CELE_F41C3.5/CELE_F55D10.1/CELE_T13B5.3/CELE_T14F9.1/CELE_T14F9.3/CELE_Y4C6B.6/CELE_Y55H10A.1/CELE_ZK6.7	57	apg-1,aps-1,asp-3,asp-4,cln-3.1,cln-3.3,cpl-1,cpr-1,cpr-3,cpr-4,cpr-5,cpr-6,cpz-1,cpz-2,crn-6,haf-2,haf-4,haf-9,lmp-1,nuc-1,pho-1,pho-4,smf-1,spp-10,heh-1,unc-32,vha-1,vha-4,vha-5,vha-6,tag-196,pho-11,ctns-1,F02E9.7,pho-13,F13D12.6,asah-2,lipl-1,F57F5.1,asah-1,M05B5.4,gana-1,chc-1,T28H10.3,Y16B4A.2,scav-3,Y105E8B.9,vha-16,gba-1,F41C3.5,aman-1,pho-14,vha-15,hex-1,gba-4,vha-19,lipl-5
cel00280	Valine, leucine and isoleucine degradation	34/981	52/3508	1.697374202918903e-8	1.48520242755404e-7	7.742408644893243e-8	CELE_F54D8.3/CELE_K04F1.15/CELE_T05H4.13/CELE_T08B1.3/CELE_F13D12.4/CELE_F01F1.6/CELE_Y69F12A.2/CELE_F01G4.2/CELE_T05G5.6/CELE_Y105E8A.4/CELE_K04D7.3/CELE_T02G5.8/CELE_K03A1.5/CELE_B0250.5/CELE_C05C10.3/CELE_F32B6.2/CELE_F53A2.7/CELE_LLC1.3/CELE_ZK669.4/CELE_B0303.3/CELE_C02B10.1/CELE_C55B7.4/CELE_F09F7.4/CELE_F27D9.5/CELE_F28A10.6/CELE_F52E4.1/CELE_K06A5.6/CELE_T02G5.7/CELE_T08B2.7/CELE_T08G2.3/CELE_T09B4.8/CELE_T25G12.5/CELE_Y71G12B.10/CELE_F02A9.10	34	alh-1,alh-2,alh-4,alh-5,alh-8,alh-9,alh-12,ard-1,ech-6,ech-7,gta-1,kat-1,sur-5,B0250.5,C05C10.3,mccc-1,acaa-2,dld-1,dbt-1,B0303.3,ivd-1,acdh-1,hach-1,pcca-1,acdh-9,pccb-1,acdh-3,T02G5.7,ech-1.2,acdh-10,T09B4.8,acdh-7,Y71G12B.10,F02A9.10
cel04141	Protein processing in endoplasmic reticulum	68/981	137/3508	3.459338705557868e-8	2.794081262181355e-7	1.45656366549805e-7	CELE_ZK632.6/CELE_Y38A10A.5/CELE_D2045.6/CELE_F25D7.1/CELE_F57B10.10/CELE_C47E8.5/CELE_C55B6.2/CELE_F39B2.10/CELE_K02G10.8/CELE_T05C3.5/CELE_T15H9.7/CELE_Y47H9C.5/CELE_Y63D3A.6/CELE_F26D10.3/CELE_C15H9.6/CELE_F43E2.8/CELE_K07A1.8/CELE_T04G9.3/CELE_M7.1/CELE_K08A8.1/CELE_Y77E11A.13/CELE_C14B1.1/CELE_C07A12.4/CELE_H06O01.1/CELE_C16C10.7/CELE_Y113G7A.3/CELE_F12F6.6/CELE_ZC518.2/CELE_F45D3.5/CELE_F46A9.5/CELE_F44G3.6/CELE_F19B6.2/CELE_C05C10.6/CELE_C06A1.1/CELE_C24F3.1/CELE_C41C4.8/CELE_C52E4.5/CELE_D2030.1/CELE_F13H10.4/CELE_F15C11.2/CELE_F40F9.6/CELE_T05E11.3/CELE_T09A5.11/CELE_T14G8.3/CELE_Y56A3A.21/CELE_Y105E8A.2/CELE_ZK20.3/CELE_ZK1307.8/CELE_B0403.4/CELE_C14B9.2/CELE_C30C11.4/CELE_F48E3.3/CELE_F52D1.1/CELE_H06H21.6/CELE_M01A10.3/CELE_R151.6/CELE_T04G9.5/CELE_T12A2.2/CELE_T22D1.4/CELE_T24H7.2/CELE_Y37E3.10/CELE_Y38F2AR.2/CELE_Y38F2AR.9/CELE_Y54G2A.18/CELE_Y71F9AM.6/CELE_ZK180.4/CELE_ZK353.8/CELE_ZK686.3	68	cnx-1,crt-1,cul-1,cup-2,dad-1,hsp-90,dnj-7,dnj-12,dnj-14,dnj-19,dnj-20,dnj-27,dnj-29,hsp-1,hsp-3,hsp-4,ile-1,ile-2,let-70,mek-1,npp-20,pdi-1,pdi-2,pdi-3,rnf-5,sec-23,sec-24.1,sec-24.2,sel-1,skr-1,skr-3,ufd-1,ufd-3,cdc-48.1,tram-1,cdc-48.2,mans-2,mans-1,mogs-1,ubql-1,aagr-3,enpl-1,ostb-1,T14G8.3,trap-4,Y105E8A.2,rad-23,ZK1307.8,pdi-6,C14B9.2,hsp-110,uggt-1,aagr-4,ubxn-6,ostd-1,R151.6,trap-2,stt-3,ribo-1,T24H7.2,eif-2alpha,trap-3,Y38F2AR.9,Y54G2A.18,trap-1,sar-1,ubxn-4,ZK686.3
cel00520	Amino sugar and nucleotide sugar metabolism	25/981	35/3508	1.0085427391390164e-7	7.564070543542623e-7	3.94317461919014e-7	CELE_C53B4.7/CELE_C04F6.3/CELE_D2096.4/CELE_F29F11.1/CELE_C36A4.4/CELE_C47B2.6/CELE_F07A11.2/CELE_F21D5.1/CELE_F22B3.4/CELE_F52B11.2/CELE_F59B2.3/CELE_K08E3.5/CELE_T03F6.3/CELE_Y43F4B.5/CELE_Y87G2A.8/CELE_ZK632.4/CELE_C01F1.3/CELE_C42C1.5/CELE_R01H2.5/CELE_R05F9.6/CELE_T05H4.5/CELE_T14F9.3/CELE_W06B4.2/CELE_Y22D7AL.14/CELE_Y47D9A.1	25	bre-1,cht-1,sqv-1,sqv-4,C36A4.4,gale-1,gfat-1,F21D5.1,gfat-2,F52B11.2,F59B2.3,K08E3.5,T03F6.3,Y43F4B.5,gpi-1,ZK632.4,C01F1.3,tag-335,ger-1,R05F9.6,hpo-19,hex-1,W06B4.2,cht-4,Y47D9A.1
cel00030	Pentose phosphate pathway	16/981	20/3508	1.862656855087632e-6	1.3038597985613424e-5	6.797063611547851e-6	CELE_K07A3.1/CELE_B0035.5/CELE_F01G10.1/CELE_T05D4.1/CELE_T25B9.9/CELE_Y43F4B.5/CELE_Y57G11C.3/CELE_Y87G2A.8/CELE_B0280.3/CELE_F01F1.12/CELE_F08F8.7/CELE_F09E5.3/CELE_R05F9.6/CELE_R151.2/CELE_Y24D9A.8/CELE_Y71H10A.1	16	fbp-1,gspd-1,tkt-1,aldo-1,T25B9.9,Y43F4B.5,Y57G11C.3,gpi-1,rpia-1,aldo-2,F08F8.7,F09E5.3,R05F9.6,R151.2,tald-1,pfk-1.1
cel00983	Drug metabolism - other enzymes	34/981	64/3508	1.6239932942853246e-5	1.0657455993747442e-4	5.555766533081374e-5	CELE_C47D2.2/CELE_F49E8.4/CELE_C47E12.8/CELE_R12A1.4/CELE_R107.7/CELE_K08F4.7/CELE_R03D7.6/CELE_F11G11.3/CELE_F11G11.2/CELE_Y45G12C.2/CELE_Y48E1B.10/CELE_F37B1.1/CELE_Y53F4B.31/CELE_R07B1.4/CELE_T23G5.1/CELE_C03C10.3/CELE_B0001.4/CELE_C17G1.3/CELE_F25H2.5/CELE_F35H8.6/CELE_F55B11.1/CELE_M88.1/CELE_T07C4.1/CELE_Y105E8B.5/CELE_Y105E8B.9/CELE_B0310.5/CELE_C18C4.3/CELE_C25F6.3/CELE_C29E4.7/CELE_F13H6.3/CELE_F13H8.7/CELE_T22D1.3/CELE_ZK783.2/CELE_C02D5.4	34	cdd-1,cdd-2,dhp-2,ges-1,gst-1,gst-4,gst-5,gst-6,gst-7,gst-10,gst-20,gst-24,gst-28,gst-36,rnr-1,rnr-2,B0001.4,ugt-23,ndk-1,ugt-58,xdh-1,ugt-62,umps-1,hprt-1,Y105E8B.9,ugt-46,ugt-48,dpyd-1,gsto-1,F13H6.3,upb-1,T22D1.3,upp-1,C02D5.4
cel00480	Glutathione metabolism	31/981	57/3508	2.077865694648631e-5	1.2833876349300369e-4	6.690341555525005e-5	CELE_F37B12.2/CELE_R107.7/CELE_K08F4.7/CELE_R03D7.6/CELE_F11G11.3/CELE_F11G11.2/CELE_Y45G12C.2/CELE_Y48E1B.10/CELE_F37B1.1/CELE_Y53F4B.31/CELE_R07B1.4/CELE_W07G4.4/CELE_T23G5.1/CELE_C03C10.3/CELE_B0035.5/CELE_C11E4.1/CELE_C34F6.8/CELE_C46F11.2/CELE_F26E4.12/CELE_F59B8.2/CELE_M176.2/CELE_R05H10.5/CELE_T03D8.6/CELE_T07F10.1/CELE_T25B9.9/CELE_Y57A10A.23/CELE_C29E4.7/CELE_C53D5.5/CELE_E01A2.1/CELE_Y38F2AR.12/CELE_C02D5.4	31	gcs-1,gst-1,gst-4,gst-5,gst-6,gst-7,gst-10,gst-20,gst-24,gst-28,gst-36,lap-2,rnr-1,rnr-2,gspd-1,gpx-5,idh-2,gsr-1,gpx-1,idh-1,gss-1,gpx-2,T03D8.6,anp-1,T25B9.9,txdc-12.1,gsto-1,C53D5.5,E01A2.1,Y38F2AR.12,C02D5.4
cel01240	Biosynthesis of cofactors	49/981	105/3508	2.6391877233935217e-5	1.5395261719795543e-4	8.025600094530008e-5	CELE_F54D8.3/CELE_K04F1.15/CELE_T05H4.13/CELE_T08B1.3/CELE_F32G8.6/CELE_K07E3.3/CELE_T02E1.5/CELE_T11F9.11/CELE_ZC434.5/CELE_F37B12.2/CELE_T21C12.2/CELE_C29E4.8/CELE_C05D11.11/CELE_D2085.1/CELE_F29F11.1/CELE_C17G1.3/CELE_C49F5.1/CELE_F25H2.5/CELE_F25H5.3/CELE_F26H9.5/CELE_F35H8.6/CELE_F38B2.4/CELE_F52B11.2/CELE_K08E3.5/CELE_LLC1.3/CELE_M88.1/CELE_M176.2/CELE_R06C7.5/CELE_T05G5.5/CELE_T07C4.1/CELE_W06H3.3/CELE_Y105E8B.9/CELE_ZK593.1/CELE_ZK632.4/CELE_B0041.6/CELE_B0310.5/CELE_C06E7.3/CELE_C15H9.7/CELE_C18C4.3/CELE_C28H8.11/CELE_C37H5.6/CELE_C42C1.5/CELE_E01A2.1/CELE_F57C9.1/CELE_K07E3.4/CELE_Y47D9A.1/CELE_Y54G2A.17/CELE_Y65B4A.8/CELE_F17C8.9	49	alh-1,alh-2,alh-4,alh-5,cat-4,dao-3,dhs-3,dhs-19,ears-1,gcs-1,hpd-1,let-754,mel-32,pyr-1,sqv-4,ugt-23,sams-1,ndk-1,pyk-1,F26H9.5,ugt-58,F38B2.4,F52B11.2,K08E3.5,dld-1,ugt-62,gss-1,adsl-1,T05G5.5,umps-1,ctps-1,Y105E8B.9,pyk-2,ZK632.4,ptps-1,ugt-46,sams-4,kynu-1,ugt-48,tdo-2,adss-1,tag-335,E01A2.1,pdxk-1,K07E3.4,Y47D9A.1,nprt-1,Y65B4A.8,F17C8.9
cel01212	Fatty acid metabolism	34/981	68/3508	8.384795683439687e-5	4.6337028776903533e-4	2.415564407417528e-4	CELE_C15F1.6/CELE_F09E10.3/CELE_M03A8.1/CELE_T05G5.6/CELE_Y105E8A.4/CELE_F56H11.4/CELE_F11E6.5/CELE_F41H10.7/CELE_F41H10.8/CELE_W06D12.3/CELE_VZK822L.1/CELE_F10D2.9/CELE_T02G5.8/CELE_C56G2.6/CELE_W09B6.1/CELE_C06B3.4/CELE_F32H2.5/CELE_F53A2.7/CELE_Y46G5A.17/CELE_Y57A10C.6/CELE_Y76A2B.3/CELE_B0303.3/CELE_C46F4.2/CELE_C55B7.4/CELE_E04F6.3/CELE_E04F6.5/CELE_F37C12.7/CELE_K06A5.6/CELE_T02G5.7/CELE_T08B2.7/CELE_T08G2.3/CELE_T15B7.2/CELE_T25G12.5/CELE_Y65B4BL.5	34	art-1,dhs-25,dhs-28,ech-6,ech-7,elo-1,elo-2,elo-5,elo-6,fat-5,fat-6,fat-7,kat-1,let-767,pod-2,stdh-1,fasn-1,acaa-2,cpt-1,daf-22,acs-5,B0303.3,acs-17,acdh-1,maoc-1,acdh-12,acs-4,acdh-3,T02G5.7,ech-1.2,acdh-10,hpo-8,acdh-7,acs-13
cel00250	Alanine, aspartate and glutamate metabolism	19/981	31/3508	1.0108235290666542e-4	5.306823527599934e-4	2.7664643953403175e-4	CELE_F56D12.1/CELE_Y105C5B.28/CELE_C28D4.3/CELE_K04D7.3/CELE_D2085.1/CELE_F07A11.2/CELE_F22B3.4/CELE_R06C7.5/CELE_T14D7.1/CELE_W07E11.1/CELE_ZK829.4/CELE_C14F11.1/CELE_C32F10.8/CELE_C37H5.6/CELE_C44E4.3/CELE_F20H11.5/CELE_M02D8.4/CELE_T01C8.5/CELE_T09B4.8	19	alh-6,gln-3,gln-6,gta-1,pyr-1,gfat-1,gfat-2,adsl-1,agxt-1,W07E11.1,gdh-1,got-2.2,C32F10.8,adss-1,got-2.1,ddo-3,asns-2,got-1.2,T09B4.8
cel00330	Arginine and proline metabolism	17/981	27/3508	1.4753427771719698e-4	7.376713885859849e-4	3.845504983104884e-4	CELE_F54D8.3/CELE_K04F1.15/CELE_T05H4.13/CELE_T08B1.3/CELE_F56D12.1/CELE_F01F1.6/CELE_Y69F12A.2/CELE_Y47D3B.10/CELE_F35G2.4/CELE_ZC434.8/CELE_C14F11.1/CELE_C16A3.10/CELE_C44E4.3/CELE_F46H5.3/CELE_F55G1.9/CELE_T01C8.5/CELE_W10C8.5	17	alh-1,alh-2,alh-4,alh-5,alh-6,alh-9,alh-12,dpy-18,phy-2,ZC434.8,got-2.2,oatr-1,got-2.1,F46H5.3,F55G1.9,got-1.2,W10C8.5
cel00270	Cysteine and methionine metabolism	24/981	45/3508	2.6807270619914024e-4	0.0012670152586911271	6.604991824755752e-4	CELE_F37B12.2/CELE_F13D12.2/CELE_F20H11.3/CELE_C17G1.7/CELE_C31C9.2/CELE_C49F5.1/CELE_F22B8.6/CELE_F26H9.5/CELE_K10H10.2/CELE_M176.2/CELE_R03A10.4/CELE_ZC373.1/CELE_B0228.7/CELE_C06E7.3/CELE_C14F11.1/CELE_C44E4.3/CELE_E01A2.1/CELE_F46E10.10/CELE_F59A7.9/CELE_K02F2.2/CELE_R08E5.2/CELE_T01C8.5/CELE_T09B4.8/CELE_ZK1127.10	24	gcs-1,ldh-1,mdh-2,cysl-1,C31C9.2,sams-1,cth-1,F26H9.5,cysl-2,gss-1,nkat-3,cbs-1,B0228.7,sams-4,got-2.2,got-2.1,E01A2.1,mdh-1,cysl-4,ahcy-1,cysl-3,got-1.2,T09B4.8,cth-2
cel01210	2-Oxocarboxylic acid metabolism	13/981	19/3508	2.775366757132945e-4	0.0012670152586911271	6.604991824755752e-4	CELE_ZK455.1/CELE_F54H12.1/CELE_T20G5.2/CELE_C10C5.4/CELE_C34F6.8/CELE_F43G9.1/CELE_F59B8.2/CELE_C06A6.4/CELE_C14F11.1/CELE_C30F12.7/CELE_C32F10.8/CELE_C44E4.3/CELE_T01C8.5	13	aco-1,aco-2,cts-1,C10C5.4,idh-2,idha-1,idh-1,C06A6.4,got-2.2,idhg-2,C32F10.8,got-2.1,got-1.2
cel00340	Histidine metabolism	9/981	11/3508	3.154142469740458e-4	0.0013799373305114504	7.193658264320344e-4	CELE_F54D8.3/CELE_K04F1.15/CELE_T05H4.13/CELE_T08B1.3/CELE_F01F1.6/CELE_Y69F12A.2/CELE_F47B10.2/CELE_Y51H4A.7/CELE_T12A2.1	9	alh-1,alh-2,alh-4,alh-5,alh-9,alh-12,haly-1,Y51H4A.7,T12A2.1
cel03060	Protein export	14/981	22/3508	4.965566274847916e-4	0.0020855378354361245	0.0010871976685982807	CELE_Y63D3A.6/CELE_C15H9.6/CELE_F43E2.8/CELE_F21D5.7/CELE_F38A1.8/CELE_F55C5.8/CELE_R186.3/CELE_Y37D8A.10/CELE_C34B2.10/CELE_F08D12.1/CELE_F37F2.2/CELE_K12H4.4/CELE_Y38F2AR.9/CELE_Y54E10BR.5	14	dnj-29,hsp-3,hsp-4,F21D5.7,F38A1.8,srpa-68,R186.3,spcs-2,spcs-1,srpa-72,F37F2.2,spcs-3,Y38F2AR.9,sec-11
cel00380	Tryptophan metabolism	21/981	39/3508	5.457492420406807e-4	0.002203987323625826	0.0011489457727172226	CELE_F54D8.3/CELE_K04F1.15/CELE_T05H4.13/CELE_T08B1.3/CELE_F01F1.6/CELE_C54D1.4/CELE_Y69F12A.2/CELE_C05D2.4/CELE_Y54G11A.6/CELE_Y54G11A.5/CELE_T05G5.6/CELE_Y105E8A.4/CELE_T02G5.8/CELE_LLC1.3/CELE_R03A10.4/CELE_ZK1058.6/CELE_C15H9.7/CELE_C28H8.11/CELE_T02G5.7/CELE_T08B2.7/CELE_W02F12.5	21	alh-1,alh-2,alh-4,alh-5,alh-9,alh-10,alh-12,bas-1,ctl-1,ctl-2,ech-6,ech-7,kat-1,dld-1,nkat-3,nit-1,kynu-1,tdo-2,T02G5.7,ech-1.2,dlst-1
cel00500	Starch and sucrose metabolism	12/981	18/3508	6.935104157456178e-4	0.002696984950121847	0.0014059470416675295	CELE_Y46G5A.31/CELE_W05E10.4/CELE_C50B6.7/CELE_K08E3.5/CELE_R06A4.8/CELE_T04A8.7/CELE_Y43F4B.5/CELE_Y87G2A.8/CELE_C50F7.10/CELE_D2096.3/CELE_R05F9.6/CELE_T22F3.3	12	gsy-1,tre-3,C50B6.7,K08E3.5,agl-1,T04A8.7,Y43F4B.5,gpi-1,klo-1,aagr-1,R05F9.6,pygl-1
cel04130	SNARE interactions in vesicular transport	15/981	25/3508	7.673927654091935e-4	0.0028777228702844757	0.0015001663083187243	CELE_T10H9.4/CELE_F35C8.4/CELE_F48F7.2/CELE_F55A11.2/CELE_T01B11.3/CELE_F56A8.7/CELE_B0513.9/CELE_Y57G11C.4/CELE_B0361.10/CELE_F08F8.8/CELE_F55A4.1/CELE_K02D10.5/CELE_Y69A2AR.6/CELE_ZC155.7/CELE_Y59E9AL.7	15	snb-1,syx-3,syx-2,syx-5,syx-4,unc-64,vamp-8,vti-1,ykt-6,gos-28,sec-22,snap-29,vamp-7,syx-16,nbet-1
cel00630	Glyoxylate and dicarboxylate metabolism	19/981	36/3508	0.0013771659625244818	0.004986290553967951	0.0025993695118429424	CELE_ZK455.1/CELE_F54H12.1/CELE_Y54G11A.6/CELE_Y54G11A.5/CELE_T20G5.2/CELE_C05E4.9/CELE_Y105C5B.28/CELE_C28D4.3/CELE_T02G5.8/CELE_F20H11.3/CELE_C05D11.11/CELE_C36A4.9/CELE_LLC1.3/CELE_T14D7.1/CELE_F27D9.5/CELE_F46E10.10/CELE_F52E4.1/CELE_R12C12.1/CELE_T02G5.7	19	aco-1,aco-2,ctl-1,ctl-2,cts-1,icl-1,gln-3,gln-6,kat-1,mdh-2,mel-32,acs-19,dld-1,agxt-1,pcca-1,mdh-1,pccb-1,gldc-1,T02G5.7
cel00071	Fatty acid degradation	25/981	52/3508	0.0015013432748331344	0.00525470146191597	0.0027392929926779996	CELE_F54D8.3/CELE_K04F1.15/CELE_T05H4.13/CELE_T08B1.3/CELE_F01F1.6/CELE_Y69F12A.2/CELE_T05G5.6/CELE_Y105E8A.4/CELE_T02G5.8/CELE_F53A2.7/CELE_K12G11.3/CELE_Y46G5A.17/CELE_Y76A2B.3/CELE_B0303.3/CELE_C46F4.2/CELE_C55B7.4/CELE_E04F6.5/CELE_F37C12.7/CELE_H24K24.3/CELE_K06A5.6/CELE_T02G5.7/CELE_T08B2.7/CELE_T08G2.3/CELE_T25G12.5/CELE_Y65B4BL.5	25	alh-1,alh-2,alh-4,alh-5,alh-9,alh-12,ech-6,ech-7,kat-1,acaa-2,sodh-1,cpt-1,acs-5,B0303.3,acs-17,acdh-1,acdh-12,acs-4,H24K24.3,acdh-3,T02G5.7,ech-1.2,acdh-10,acdh-7,acs-13
cel00240	Pyrimidine metabolism	18/981	34/3508	0.0017533270414274538	0.0059386883661252466	0.0030958575943710563	CELE_C47D2.2/CELE_F49E8.4/CELE_C47E12.8/CELE_Y37H9A.6/CELE_D2085.1/CELE_T23G5.1/CELE_C03C10.3/CELE_B0001.4/CELE_F25H2.5/CELE_K08H10.4/CELE_T07C4.1/CELE_W06H3.3/CELE_C25F6.3/CELE_F08C6.6/CELE_F13H8.7/CELE_K02D7.1/CELE_Y71H10B.1/CELE_ZK783.2	18	cdd-1,cdd-2,dhp-2,ndx-4,pyr-1,rnr-1,rnr-2,B0001.4,ndk-1,uda-1,umps-1,ctps-1,dpyd-1,apy-1,upb-1,K02D7.1,Y71H10B.1,upp-1
cel00230	Purine metabolism	32/981	72/3508	0.0018420131451804263	0.006044105632623273	0.003150811958861256	CELE_ZK896.8/CELE_C29E4.8/CELE_Y37H9A.6/CELE_T23G5.1/CELE_C03C10.3/CELE_F10F2.2/CELE_F25H2.5/CELE_F25H5.3/CELE_F38B2.4/CELE_F55B11.1/CELE_K08H10.4/CELE_R06C7.5/CELE_R07H5.8/CELE_R09H10.3/CELE_Y43F4B.5/CELE_Y105E8B.5/CELE_ZK593.1/CELE_ZK909.3/CELE_C06G3.5/CELE_C34F11.3/CELE_C37H5.6/CELE_C55F2.1/CELE_F08C6.6/CELE_F32D1.5/CELE_F38B6.4/CELE_K02D7.1/CELE_R05F9.6/CELE_R151.2/CELE_T03F1.8/CELE_T19B4.3/CELE_T22D1.3/CELE_Y71H10B.1	32	gcy-18,let-754,ndx-4,rnr-1,rnr-2,pfas-1,ndk-1,pyk-1,F38B2.4,xdh-1,uda-1,adsl-1,R07H5.8,R09H10.3,Y43F4B.5,hprt-1,pyk-2,ZK909.3,C06G3.5,ampd-1,adss-1,atic-1,apy-1,F32D1.5,F38B6.4,K02D7.1,R05F9.6,R151.2,guk-1,T19B4.3,T22D1.3,Y71H10B.1
cel00410	beta-Alanine metabolism	15/981	27/3508	0.002262122986722729	0.007197664048663227	0.0037521657196038886	CELE_F54D8.3/CELE_K04F1.15/CELE_T05H4.13/CELE_T08B1.3/CELE_F13D12.4/CELE_F01F1.6/CELE_Y69F12A.2/CELE_C47E12.8/CELE_T05G5.6/CELE_Y105E8A.4/CELE_K04D7.3/CELE_C25F6.3/CELE_F09F7.4/CELE_F13H8.7/CELE_T08B2.7	15	alh-1,alh-2,alh-4,alh-5,alh-8,alh-9,alh-12,dhp-2,ech-6,ech-7,gta-1,dpyd-1,hach-1,upb-1,ech-1.2
cel00051	Fructose and mannose metabolism	12/981	20/3508	0.002629850036463578	0.008121595700843403	0.004233814300189043	CELE_C53B4.7/CELE_K07A3.1/CELE_Y17G7B.7/CELE_F52B11.2/CELE_T05D4.1/CELE_Y39G8B.1/CELE_ZK632.4/CELE_C42C1.5/CELE_F01F1.12/CELE_R01H2.5/CELE_Y47D9A.1/CELE_Y71H10A.1	12	bre-1,fbp-1,tpi-1,F52B11.2,aldo-1,Y39G8B.1,ZK632.4,tag-335,aldo-2,ger-1,Y47D9A.1,pfk-1.1
cel00640	Propanoate metabolism	17/981	33/3508	0.003425710564287733	0.0102771316928632	0.005357502235878561	CELE_F13D12.4/CELE_T05G5.6/CELE_Y105E8A.4/CELE_K04D7.3/CELE_T02G5.8/CELE_F13D12.2/CELE_W09B6.1/CELE_C36A4.9/CELE_F47B10.1/CELE_LLC1.3/CELE_ZK669.4/CELE_C50F7.4/CELE_F09F7.4/CELE_F27D9.5/CELE_F52E4.1/CELE_T02G5.7/CELE_T08B2.7	17	alh-8,ech-6,ech-7,gta-1,kat-1,ldh-1,pod-2,acs-19,suca-1,dld-1,dbt-1,sucg-1,hach-1,pcca-1,pccb-1,T02G5.7,ech-1.2
cel00053	Ascorbate and aldarate metabolism	13/981	23/3508	0.00362927572947849	0.010585387544312262	0.005518197015581331	CELE_F54D8.3/CELE_K04F1.15/CELE_T05H4.13/CELE_T08B1.3/CELE_F01F1.6/CELE_Y69F12A.2/CELE_F29F11.1/CELE_C17G1.3/CELE_F35H8.6/CELE_M88.1/CELE_Y105E8B.9/CELE_B0310.5/CELE_C18C4.3	13	alh-1,alh-2,alh-4,alh-5,alh-9,alh-12,sqv-4,ugt-23,ugt-58,ugt-62,Y105E8B.9,ugt-46,ugt-48
cel00350	Tyrosine metabolism	13/981	24/3508	0.005920290925922291	0.016800825600590284	0.008758325125119749	CELE_C05D2.4/CELE_D1053.1/CELE_W06D4.1/CELE_T21C12.2/CELE_Y56A3A.3/CELE_H13N06.6/CELE_K12G11.3/CELE_C14F11.1/CELE_C34G6.2/CELE_C44E4.3/CELE_H24K24.3/CELE_K10C2.4/CELE_T01C8.5	13	bas-1,gst-42,hgo-1,hpd-1,mif-1,tbh-1,sodh-1,got-2.2,tyr-4,got-2.1,H24K24.3,fah-1,got-1.2
cel00360	Phenylalanine metabolism	7/981	10/3508	0.006876264006467484	0.018871488927895613	0.009837768664166134	CELE_C05D2.4/CELE_K08F8.4/CELE_T21C12.2/CELE_Y56A3A.3/CELE_C14F11.1/CELE_C44E4.3/CELE_T01C8.5	7	bas-1,pah-1,hpd-1,mif-1,got-2.2,got-2.1,got-1.2
cel00260	Glycine, serine and threonine metabolism	14/981	27/3508	0.007189138639198328	0.018871488927895613	0.009837768664166134	CELE_F01F1.6/CELE_C05D11.11/CELE_C31C9.2/CELE_F22B8.6/CELE_F26H9.5/CELE_LLC1.3/CELE_R102.4/CELE_T14D7.1/CELE_ZC373.1/CELE_F57B10.3/CELE_R12C12.1/CELE_T09B4.8/CELE_Y37E3.17/CELE_ZK1127.10	14	alh-9,mel-32,C31C9.2,cth-1,F26H9.5,dld-1,R102.4,agxt-1,cbs-1,ipgm-1,gldc-1,T09B4.8,Y37E3.17,cth-2
cel01040	Biosynthesis of unsaturated fatty acids	14/981	27/3508	0.007189138639198328	0.018871488927895613	0.009837768664166134	CELE_C15F1.6/CELE_M03A8.1/CELE_F56H11.4/CELE_F11E6.5/CELE_F41H10.7/CELE_F41H10.8/CELE_W06D12.3/CELE_VZK822L.1/CELE_F10D2.9/CELE_C56G2.6/CELE_C06B3.4/CELE_Y57A10C.6/CELE_E04F6.3/CELE_T15B7.2	14	art-1,dhs-28,elo-1,elo-2,elo-5,elo-6,fat-5,fat-6,fat-7,let-767,stdh-1,daf-22,maoc-1,hpo-8
cel00512	Mucin type O-glycan biosynthesis	7/981	11/3508	0.014377531951250381	0.036820508655641224	0.019194651128755326	CELE_ZK688.8/CELE_Y116F11B.12/CELE_Y39E4B.12/CELE_Y46H3A.6/CELE_Y45F10D.3/CELE_C38H2.2/CELE_Y47D3A.23	7	gly-3,gly-4,gly-5,gly-7,gly-10,C38H2.2,gly-9
cel00510	N-Glycan biosynthesis	17/981	38/3508	0.01939282489440816	0.048482062236020404	0.02527385700524372	CELE_F57B10.10/CELE_B0416.6/CELE_C08H9.3/CELE_C52E4.5/CELE_D2030.1/CELE_F13H10.4/CELE_F40F9.6/CELE_F58H1.1/CELE_T09A5.11/CELE_B0361.8/CELE_F52D1.1/CELE_H43I07.3/CELE_M01A10.3/CELE_T12A2.2/CELE_T22D1.4/CELE_Y66H1A.2/CELE_ZK686.3	17	dad-1,gly-13,algn-8,mans-2,mans-1,mogs-1,aagr-3,aman-2,ostb-1,algn-11,aagr-4,algn-5,ostd-1,stt-3,ribo-1,dpm-1,ZK686.3
cel00980	Metabolism of xenobiotics by cytochrome P450	20/981	47/3508	0.02164880176786768	0.05207332824168119	0.02714599567486138	CELE_R107.7/CELE_K08F4.7/CELE_R03D7.6/CELE_F11G11.3/CELE_F11G11.2/CELE_Y45G12C.2/CELE_Y48E1B.10/CELE_F37B1.1/CELE_Y53F4B.31/CELE_R07B1.4/CELE_C17G1.3/CELE_F35H8.6/CELE_K12G11.3/CELE_M88.1/CELE_B0310.5/CELE_C18C4.3/CELE_C29E4.7/CELE_H24K24.3/CELE_W01A11.1/CELE_C02D5.4	20	gst-1,gst-4,gst-5,gst-6,gst-7,gst-10,gst-20,gst-24,gst-28,gst-36,ugt-23,ugt-58,sodh-1,ugt-62,ugt-46,ugt-48,gsto-1,H24K24.3,W01A11.1,C02D5.4
cel02010	ABC transporters	14/981	30/3508	0.021821204215561642	0.05207332824168119	0.02714599567486138	CELE_F12B6.1/CELE_Y39D8C.1/CELE_F43E2.4/CELE_W04C9.1/CELE_W09D6.6/CELE_ZK484.2/CELE_F57C12.4/CELE_F14F4.3/CELE_K08E7.9/CELE_C34G6.4/CELE_ZK455.7/CELE_T21E8.1/CELE_C47A10.1/CELE_T10H9.5	14	abt-2,abt-4,haf-2,haf-4,hmt-1,haf-9,mrp-2,mrp-5,pgp-1,pgp-2,pgp-3,pgp-6,pgp-9,pmp-5
cel00513	Various types of N-glycan biosynthesis	15/981	33/3508	0.023357393914077616	0.05450058579951444	0.028411332948117807	CELE_F57B10.10/CELE_K08F8.3/CELE_B0416.6/CELE_C52E4.5/CELE_D2030.1/CELE_F58H1.1/CELE_T09A5.11/CELE_Y39A1C.4/CELE_B0361.8/CELE_C14C11.3/CELE_M01A10.3/CELE_T12A2.2/CELE_T14F9.3/CELE_T22D1.4/CELE_ZK686.3	15	dad-1,fut-1,gly-13,mans-2,mans-1,aman-2,ostb-1,hex-3,algn-11,hex-2,ostd-1,stt-3,hex-1,ribo-1,ZK686.3
cel00220	Arginine biosynthesis	9/981	17/3508	0.025596638186631743	0.05632262373126029	0.029361167258401363	CELE_Y105C5B.28/CELE_C28D4.3/CELE_C10C5.4/CELE_ZK829.4/CELE_C06A6.4/CELE_C14F11.1/CELE_C32F10.8/CELE_C44E4.3/CELE_T01C8.5	9	gln-3,gln-6,C10C5.4,gdh-1,C06A6.4,got-2.2,C32F10.8,got-2.1,got-1.2
cel00770	Pantothenate and CoA biosynthesis	9/981	17/3508	0.025596638186631743	0.05632262373126029	0.029361167258401363	CELE_F54D8.3/CELE_K04F1.15/CELE_T05H4.13/CELE_T08B1.3/CELE_C47E12.8/CELE_T05G5.5/CELE_C25F6.3/CELE_F13H8.7/CELE_Y65B4A.8	9	alh-1,alh-2,alh-4,alh-5,dhp-2,T05G5.5,dpyd-1,upb-1,Y65B4A.8
cel00670	One carbon pool by folate	7/981	12/3508	0.026283891074588138	0.05632262373126029	0.029361167258401363	CELE_F36H1.6/CELE_K07E3.3/CELE_C05D11.11/CELE_C06A8.1/CELE_C55F2.1/CELE_F38B6.4/CELE_K07E3.4	7	alh-3,dao-3,mel-32,mthf-1,atic-1,F38B6.4,K07E3.4
cel00910	Nitrogen metabolism	7/981	12/3508	0.026283891074588138	0.05632262373126029	0.029361167258401363	CELE_K05G3.3/CELE_R173.1/CELE_Y105C5B.28/CELE_C28D4.3/CELE_W07E11.1/CELE_ZK829.4/CELE_ZK1058.6	7	cah-3,cah-5,gln-3,gln-6,W07E11.1,gdh-1,nit-1
cel00062	Fatty acid elongation	13/981	28/3508	0.02799110608397475	0.05878132277634698	0.030642895081403942	CELE_C15F1.6/CELE_T05G5.6/CELE_Y105E8A.4/CELE_F56H11.4/CELE_F11E6.5/CELE_F41H10.7/CELE_F41H10.8/CELE_C56G2.6/CELE_C06B3.4/CELE_F53A2.7/CELE_B0303.3/CELE_T08B2.7/CELE_T15B7.2	13	art-1,ech-6,ech-7,elo-1,elo-2,elo-5,elo-6,let-767,stdh-1,acaa-2,B0303.3,ech-1.2,hpo-8
cel00040	Pentose and glucuronate interconversions	11/981	23/3508	0.03324092683880442	0.06843720231518556	0.03567653654525965	CELE_R11D1.11/CELE_F29F11.1/CELE_C17G1.3/CELE_F35H8.6/CELE_K08E3.5/CELE_M88.1/CELE_Y39G8B.1/CELE_Y105E8B.9/CELE_B0310.5/CELE_C18C4.3/CELE_F08F8.7	11	dhs-21,sqv-4,ugt-23,ugt-58,K08E3.5,ugt-62,Y39G8B.1,Y105E8B.9,ugt-46,ugt-48,F08F8.7
cel00982	Drug metabolism - cytochrome P450	21/981	52/3508	0.0349677603093862	0.07060797754779904	0.03680816874672232	CELE_K08C7.2/CELE_F53F4.5/CELE_R107.7/CELE_K08F4.7/CELE_R03D7.6/CELE_F11G11.3/CELE_F11G11.2/CELE_Y45G12C.2/CELE_Y48E1B.10/CELE_F37B1.1/CELE_Y53F4B.31/CELE_R07B1.4/CELE_C17G1.3/CELE_F35H8.6/CELE_K12G11.3/CELE_M88.1/CELE_B0310.5/CELE_C18C4.3/CELE_C29E4.7/CELE_H24K24.3/CELE_C02D5.4	21	fmo-1,fmo-4,gst-1,gst-4,gst-5,gst-6,gst-7,gst-10,gst-20,gst-24,gst-28,gst-36,ugt-23,ugt-58,sodh-1,ugt-62,ugt-46,ugt-48,gsto-1,H24K24.3,C02D5.4
cel00052	Galactose metabolism	7/981	13/3508	0.043462287933316794	0.08610453269808044	0.044886573436593316	CELE_C47B2.6/CELE_K08E3.5/CELE_Y39G8B.1/CELE_Y43F4B.5/CELE_D2096.3/CELE_R05F9.6/CELE_Y71H10A.1	7	gale-1,K08E3.5,Y39G8B.1,Y43F4B.5,aagr-1,R05F9.6,pfk-1.1
cel00650	Butanoate metabolism	9/981	19/3508	0.055897508699077836	0.1086896002482069	0.05666024273590736	CELE_T05G5.6/CELE_Y105E8A.4/CELE_K04D7.3/CELE_T02G5.8/CELE_K03A1.5/CELE_C05C10.3/CELE_T02G5.7/CELE_T08B2.7/CELE_Y71G12B.10	9	ech-6,ech-7,gta-1,kat-1,sur-5,C05C10.3,T02G5.7,ech-1.2,Y71G12B.10
cel00561	Glycerolipid metabolism	14/981	35/3508	0.08306143285453879	0.15857182635866499	0.08266400973083288	CELE_F54D8.3/CELE_K04F1.15/CELE_T05H4.13/CELE_T08B1.3/CELE_F01F1.6/CELE_Y69F12A.2/CELE_C08F8.4/CELE_F59F4.4/CELE_R07E3.5/CELE_T06E8.1/CELE_Y39G8B.1/CELE_F53C3.13/CELE_T28D9.3/CELE_ZK40.1	14	alh-1,alh-2,alh-4,alh-5,alh-9,alh-12,mboa-4,acl-1,acl-5,acl-2,Y39G8B.1,plpp-1.1,plpp-1.2,acl-9
cel04150	mTOR signaling pathway	28/981	79/3508	0.08722258400608013	0.16354234501140025	0.08525515729917608	CELE_Y55D5A.5/CELE_Y18D10A.5/CELE_F53A2.6/CELE_R04A9.4/CELE_B0348.6/CELE_ZK792.6/CELE_B0261.2/CELE_F43C1.2/CELE_Y77E11A.13/CELE_E01H11.1/CELE_Y51H4A.3/CELE_Y71A12B.1/CELE_C14F5.5/CELE_W10G6.2/CELE_T24F1.1/CELE_C17H12.14/CELE_ZK970.4/CELE_F46F11.5/CELE_Y38F2AL.3/CELE_F20B6.2/CELE_F55H2.2/CELE_Y47D3A.16/CELE_Y49A3A.2/CELE_Y53C12A.4/CELE_R02E12.2/CELE_T01C8.1/CELE_T14F9.1/CELE_Y97E10AR.7	28	daf-2,gsk-3,ife-1,ife-2,ife-3,let-60,let-363,mpk-1,npp-20,pkc-2,rho-1,rps-6,sem-5,sgk-1,raga-1,vha-8,vha-9,vha-10,vha-11,vha-12,vha-14,rsks-1,vha-13,mop-25.2,mop-25.1,aak-2,vha-15,lmtr-2
cel00740	Riboflavin metabolism	6/981	13/3508	0.1259513136111359	0.23201557770472403	0.1209504765979514	CELE_EGAP2.3/CELE_T16D1.2/CELE_C05C10.4/CELE_F02E9.7/CELE_F07H5.9/CELE_T13B5.3	6	pho-1,pho-4,pho-11,F02E9.7,pho-13,pho-14
cel00514	Other types of O-glycan biosynthesis	7/981	16/3508	0.1304289302510006	0.23560666065836125	0.12282251984195275	CELE_ZK688.8/CELE_Y116F11B.12/CELE_Y39E4B.12/CELE_Y46H3A.6/CELE_Y45F10D.3/CELE_C38H2.2/CELE_Y47D3A.23	7	gly-3,gly-4,gly-5,gly-7,gly-10,C38H2.2,gly-9
cel00590	Arachidonic acid metabolism	8/981	19/3508	0.1323885045604125	0.23560666065836125	0.12282251984195275	CELE_C11E4.1/CELE_F26E4.12/CELE_R05H10.5/CELE_T03D8.6/CELE_C42C1.11/CELE_C53D5.5/CELE_ZC395.10/CELE_ZC416.6	8	gpx-5,gpx-1,gpx-2,T03D8.6,ltah-1.1,C53D5.5,daf-41,ltah-1.2
cel03013	Nucleocytoplasmic transport	25/981	73/3508	0.14126928861473514	0.24722125507578652	0.12887724575379347	CELE_C26D10.2/CELE_F32E10.4/CELE_F28B3.8/CELE_C53D5.6/CELE_ZK742.1/CELE_Y48G1A.5/CELE_K07F5.13/CELE_T01G9.4/CELE_Y41D4B.19/CELE_F59A2.1/CELE_ZK328.5/CELE_F53F10.5/CELE_T23H2.1/CELE_C03D6.4/CELE_F10G8.3/CELE_Y77E11A.13/CELE_K01G5.4/CELE_C29E4.3/CELE_K12C11.2/CELE_F29B9.6/CELE_C35A5.8/CELE_T07D4.4/CELE_T25G3.3/CELE_Y37D8A.17/CELE_Y69A2AR.16	25	hel-1,ima-3,imb-1,imb-3,xpo-1,xpo-2,npp-1,npp-2,npp-8,npp-9,npp-10,npp-11,npp-12,npp-14,rae-1,npp-20,ran-1,ran-2,smo-1,ubc-9,C35A5.8,ddx-19,T25G3.3,npp-25,Y69A2AR.16
cel04212	Longevity regulating pathway - worm	30/981	90/3508	0.1514687557028135	0.2607249073573019	0.13591674368500958	CELE_Y54G11A.6/CELE_Y54G11A.5/CELE_Y55D5A.5/CELE_W06D12.3/CELE_VZK822L.1/CELE_F10D2.9/CELE_F52D10.3/CELE_F37B12.2/CELE_K08F4.7/CELE_R03D7.6/CELE_F11G11.3/CELE_F11G11.2/CELE_Y48E1B.10/CELE_F37B1.1/CELE_Y53F4B.31/CELE_R07B1.4/CELE_C37H5.8/CELE_Y22D7AL.5/CELE_B0261.2/CELE_M117.2/CELE_Y71F9AL.18/CELE_F43D9.4/CELE_F10D11.1/CELE_F46F11.4/CELE_C12D8.5/CELE_F49C12.12/CELE_Y47D3A.16/CELE_Y48E1B.1/CELE_C29E4.7/CELE_C02D5.4	30	ctl-1,ctl-2,daf-2,fat-5,fat-6,fat-7,ftt-2,gcs-1,gst-4,gst-5,gst-6,gst-7,gst-20,gst-24,gst-28,gst-36,hsp-6,hsp-60,let-363,par-5,parp-1,sip-1,sod-2,ubl-5,daf-36,F49C12.12,rsks-1,ddl-2,gsto-1,C02D5.4
cel00061	Fatty acid biosynthesis	7/981	17/3508	0.1707051872381203	0.28006319781254113	0.14599785750628713	CELE_F09E10.3/CELE_W09B6.1/CELE_F32H2.5/CELE_Y76A2B.3/CELE_C46F4.2/CELE_F37C12.7/CELE_Y65B4BL.5	7	dhs-25,pod-2,fasn-1,acs-5,acs-17,acs-4,acs-13
cel00511	Other glycan degradation	7/981	17/3508	0.1707051872381203	0.28006319781254113	0.14599785750628713	CELE_Y39A1C.4/CELE_C14C11.3/CELE_C33C12.3/CELE_F55D10.1/CELE_R08F11.1/CELE_T14F9.3/CELE_Y4C6B.6	7	hex-3,hex-2,gba-1,aman-1,R08F11.1,hex-1,gba-4
cel00565	Ether lipid metabolism	7/981	17/3508	0.1707051872381203	0.28006319781254113	0.14599785750628713	CELE_Y50D7A.7/CELE_T03F6.5/CELE_C04G6.3/CELE_F53C3.13/CELE_T03G6.3/CELE_T05C3.6/CELE_T28D9.3	7	ads-1,lis-1,pld-1,plpp-1.1,T03G6.3,T05C3.6,plpp-1.2
cel00600	Sphingolipid metabolism	14/981	39/3508	0.17500272742371273	0.2826967135306129	0.14737071783049496	CELE_K02G10.6/CELE_Y66H1B.4/CELE_C28C12.7/CELE_F27E5.1/CELE_K11D2.2/CELE_T22G5.5/CELE_C23H3.4/CELE_C33C12.3/CELE_F43H9.2/CELE_F53C3.13/CELE_R08F11.1/CELE_T28D9.3/CELE_Y4C6B.6/CELE_Y37E11AM.3	14	hyl-2,spl-1,spp-10,asah-2,asah-1,sptl-3,sptl-1,gba-1,sptl-2,plpp-1.1,R08F11.1,plpp-1.2,gba-4,Y37E11AM.3
cel00310	Lysine degradation	14/981	40/3508	0.20376465211639214	0.3197851625613491	0.16670504714977596	CELE_F54D8.3/CELE_K04F1.15/CELE_T05H4.13/CELE_T08B1.3/CELE_F01F1.6/CELE_Y69F12A.2/CELE_T05G5.6/CELE_Y105E8A.4/CELE_T02G5.8/CELE_LLC1.3/CELE_R02D3.1/CELE_T02G5.7/CELE_T08B2.7/CELE_W02F12.5	14	alh-1,alh-2,alh-4,alh-5,alh-9,alh-12,ech-6,ech-7,kat-1,dld-1,aass-1,T02G5.7,ech-1.2,dlst-1
cel00830	Retinol metabolism	9/981	24/3508	0.20405338944390844	0.3197851625613491	0.16670504714977596	CELE_T02E1.5/CELE_T11F9.11/CELE_C17G1.3/CELE_F35H8.6/CELE_K12G11.3/CELE_M88.1/CELE_B0310.5/CELE_C18C4.3/CELE_H24K24.3	9	dhs-3,dhs-19,ugt-23,ugt-58,sodh-1,ugt-62,ugt-46,ugt-48,H24K24.3
cel04137	Mitophagy - animal	12/981	36/3508	0.29002439789166196	0.4478317908621251	0.23345617167749882	CELE_B0205.7/CELE_T01G9.6/CELE_ZK792.6/CELE_W03C9.3/CELE_C44C11.1/CELE_Y92H12A.1/CELE_H06I04.4/CELE_ZK1010.1/CELE_E01B7.1/CELE_E01G4.1/CELE_T06D8.7/CELE_R07G3.5	12	kin-3,kin-10,let-60,rab-7,ras-1,src-1,ubl-1,ubq-2,usp-50,tbc-14,fndc-1,pgam-5
cel04140	Autophagy - animal	28/981	91/3508	0.30925878780958066	0.47061119884066627	0.24533115127533484	CELE_H22K11.1/CELE_R12H7.2/CELE_T03E6.7/CELE_C52E4.1/CELE_T10H4.12/CELE_F44C4.3/CELE_W07B8.5/CELE_C25B8.3/CELE_F33D4.2/CELE_ZK909.2/CELE_ZK792.6/CELE_F38H4.9/CELE_B0261.2/CELE_C03B1.12/CELE_F43C1.2/CELE_C39F7.4/CELE_W03C9.3/CELE_D1037.4/CELE_C44C11.1/CELE_T24F1.1/CELE_B0513.9/CELE_F57F5.1/CELE_Y37D8A.22/CELE_Y47D3A.16/CELE_K02D10.5/CELE_T01C8.1/CELE_Y37E3.10/CELE_Y69A2AR.6	28	asp-3,asp-4,cpl-1,cpr-1,cpr-3,cpr-4,cpr-5,cpr-6,itr-1,kin-1,let-60,let-92,let-363,lmp-1,mpk-1,rab-1,rab-7,rab-8,ras-1,raga-1,vamp-8,F57F5.1,epg-3,rsks-1,snap-29,aak-2,eif-2alpha,vamp-7
cel00900	Terpenoid backbone biosynthesis	6/981	17/3508	0.3313933700093882	0.49709005501408227	0.25913466527049905	CELE_C04F12.10/CELE_T02G5.8/CELE_F23B12.6/CELE_R02D3.5/CELE_T02G5.7/CELE_Y42G9A.4	6	fce-1,kat-1,fntb-1,fnta-1,T02G5.7,mvk-1
cel04146	Peroxisome	24/981	79/3508	0.3548671773601543	0.5248035721523409	0.2735818120493406	CELE_Y50D7A.7/CELE_Y54G11A.6/CELE_Y54G11A.5/CELE_M03A8.1/CELE_T10H9.5/CELE_C15F1.7/CELE_F10D11.1/CELE_F55H2.1/CELE_F09E5.15/CELE_B0334.3/CELE_C34F6.8/CELE_F55B11.1/CELE_F59B8.2/CELE_T14D7.1/CELE_Y57A10C.6/CELE_Y76A2B.3/CELE_C46F4.2/CELE_E04F6.3/CELE_F20H11.5/CELE_F37C12.7/CELE_Y25C1A.13/CELE_Y42G9A.4/CELE_Y65B4BL.5/CELE_Y71G12B.10	24	ads-1,ctl-1,ctl-2,dhs-28,pmp-5,sod-1,sod-2,sod-4,prdx-2,B0334.3,idh-2,xdh-1,idh-1,agxt-1,daf-22,acs-5,acs-17,maoc-1,ddo-3,acs-4,Y25C1A.13,mvk-1,acs-13,Y71G12B.10
cel00564	Glycerophospholipid metabolism	19/981	62/3508	0.36339159050698544	0.5299460694893537	0.27626261266612934	CELE_W09B12.1/CELE_C04G6.3/CELE_C08F8.4/CELE_F59F4.4/CELE_K04G2.5/CELE_K11H3.1/CELE_M05B5.4/CELE_R07E3.5/CELE_T06E8.1/CELE_T25G3.4/CELE_Y46G5A.5/CELE_C33H5.18/CELE_F53C3.13/CELE_F54D11.1/CELE_K07B1.5/CELE_R155.1/CELE_T05C3.6/CELE_T28D9.3/CELE_ZK40.1	19	ace-1,pld-1,mboa-4,acl-1,ath-1,gpdh-2,M05B5.4,acl-5,acl-2,T25G3.4,pisy-1,cdgs-1,plpp-1.1,pmt-2,acl-14,mboa-6,T05C3.6,plpp-1.2,acl-9
cel03018	RNA degradation	15/981	49/3508	0.3910075311862455	0.5624080928021339	0.29318517118507237	CELE_ZC518.3/CELE_C07H6.5/CELE_Y113G7A.9/CELE_C37H5.8/CELE_Y22D7AL.5/CELE_F57B9.2/CELE_F40F8.9/CELE_F32A5.7/CELE_Y71G12B.14/CELE_Y106G6H.2/CELE_F18H3.3/CELE_T21B10.2/CELE_W08D2.7/CELE_C26E6.3/CELE_Y71H10A.1	15	ccr-4,cgh-1,dcs-1,hsp-6,hsp-60,let-711,lsm-1,lsm-4,lsm-6,pab-1,pab-2,enol-1,mtr-4,ntl-9,pfk-1.1
cel04213	Longevity regulating pathway - multiple species	14/981	46/3508	0.4079545203068362	0.5722262957970176	0.2983034323954378	CELE_Y54G11A.6/CELE_Y54G11A.5/CELE_Y55D5A.5/CELE_C53A5.3/CELE_F26D10.3/CELE_ZK909.2/CELE_ZK792.6/CELE_B0261.2/CELE_F43D9.4/CELE_C15F1.7/CELE_F10D11.1/CELE_F55H2.1/CELE_Y47D3A.16/CELE_T01C8.1	14	ctl-1,ctl-2,daf-2,hda-1,hsp-1,kin-1,let-60,let-363,sip-1,sod-1,sod-2,sod-4,rsks-1,aak-2
cel00790	Folate biosynthesis	5/981	15/3508	0.414182842672127	0.5722262957970176	0.2983034323954378	CELE_K08F8.4/CELE_F32G8.6/CELE_T03F6.1/CELE_Y39G8B.1/CELE_B0041.6	5	pah-1,cat-4,qdpr-1,Y39G8B.1,ptps-1
cel00920	Sulfur metabolism	5/981	15/3508	0.414182842672127	0.5722262957970176	0.2983034323954378	CELE_C17G1.7/CELE_K10H10.2/CELE_Y37A1B.5/CELE_F59A7.9/CELE_R08E5.2	5	cysl-1,cysl-2,Y37A1B.5,cysl-4,cysl-3
cel00860	Porphyrin and chlorophyll metabolism	7/981	22/3508	0.4210027852734147	0.5740947071910201	0.2992774413426872	CELE_ZC434.5/CELE_C17G1.3/CELE_F35H8.6/CELE_M88.1/CELE_Y105E8B.9/CELE_B0310.5/CELE_C18C4.3	7	ears-1,ugt-23,ugt-58,ugt-62,Y105E8B.9,ugt-46,ugt-48
cel04012	ErbB signaling pathway	11/981	39/3508	0.5476507177083747	0.7372221199920429	0.3843162931286841	CELE_Y18D10A.5/CELE_ZK792.6/CELE_B0261.2/CELE_K08A8.1/CELE_F43C1.2/CELE_E01H11.1/CELE_C14F5.5/CELE_Y92H12A.1/CELE_ZK470.5/CELE_K11E8.1/CELE_Y47D3A.16	11	gsk-3,let-60,let-363,mek-1,mpk-1,pkc-2,sem-5,src-1,nck-1,unc-43,rsks-1
cel00450	Selenocompound metabolism	4/981	14/3508	0.580434565848446	0.7714636634694535	0.4021665213073844	CELE_F58B3.5/CELE_F22B8.6/CELE_R03A10.4/CELE_ZK1127.10	4	mars-1,cth-1,nkat-3,cth-2
cel03030	DNA replication	9/981	35/3508	0.6790295466064368	0.8912262799209483	0.4645991634675621	CELE_Y17G7B.5/CELE_C25D7.6/CELE_Y39G10AR.14/CELE_R10E4.4/CELE_ZK632.1/CELE_F32D1.10/CELE_W03D2.4/CELE_F58F6.4/CELE_F18A1.5	9	mcm-2,mcm-3,mcm-4,mcm-5,mcm-6,mcm-7,pcn-1,rfc-2,rpa-1
cel00760	Nicotinate and nicotinamide metabolism	4/981	18/3508	0.7857639410166898	0.9991249140955107	0.5208470730121961	CELE_K02D7.1/CELE_Y54G2A.17/CELE_Y71H10B.1/CELE_F17C8.9	4	K02D7.1,nprt-1,Y71H10B.1,F17C8.9
cel04010	MAPK signaling pathway	19/981	80/3508	0.8352387346823134	0.9991249140955107	0.5208470730121961	CELE_R07G3.1/CELE_C09G12.8/CELE_Y55D5A.5/CELE_F26D10.3/CELE_ZK909.2/CELE_T17E9.1/CELE_ZK792.6/CELE_K08A8.1/CELE_C35C5.4/CELE_F43C1.2/CELE_E01H11.1/CELE_C27B7.8/CELE_C44C11.1/CELE_C14F5.5/CELE_F25D1.1/CELE_C02F4.2/CELE_Y32F6B.3/CELE_Y39B6A.2/CELE_Y66H1B.2	19	cdc-42,ced-10,daf-2,hsp-1,kin-1,kin-18,let-60,mek-1,mig-2,mpk-1,pkc-2,rap-1,ras-1,sem-5,ppm-1.A,tax-6,crp-1,pph-5,fln-1
cel00562	Inositol phosphate metabolism	7/981	33/3508	0.8573540840695436	0.9991249140955107	0.5208470730121961	CELE_F13D12.4/CELE_F55A12.3/CELE_Y17G7B.7/CELE_F13G3.5/CELE_F30A10.6/CELE_VF13D12L.1/CELE_Y46G5A.5	7	alh-8,ppk-1,tpi-1,ttx-7,sac-1,inos-1,pisy-1
cel04350	TGF-beta signaling pathway	9/981	43/3508	0.8886255104141381	0.9991249140955107	0.5208470730121961	CELE_D2045.6/CELE_F38H4.9/CELE_C10H11.9/CELE_F43C1.2/CELE_F48E8.5/CELE_Y51H4A.3/CELE_F46A9.5/CELE_F44G3.6/CELE_Y47D3A.16	9	cul-1,let-92,let-502,mpk-1,paa-1,rho-1,skr-1,skr-3,rsks-1
cel04068	FoxO signaling pathway	13/981	60/3508	0.8952876313803757	0.9991249140955107	0.5208470730121961	CELE_Y54G11A.6/CELE_Y54G11A.5/CELE_Y55D5A.5/CELE_ZK792.6/CELE_F43C1.2/CELE_C14F5.5/CELE_W10G6.2/CELE_F10D11.1/CELE_H19N07.2/CELE_R11A5.4/CELE_Y113G7B.17/CELE_T01C8.1/CELE_W05G11.6	13	ctl-1,ctl-2,daf-2,let-60,mpk-1,sem-5,sgk-1,sod-2,math-33,pck-2,prmt-1,aak-2,pck-1
cel03040	Spliceosome	27/981	116/3508	0.895954331839427	0.9991249140955107	0.5208470730121961	CELE_C34D4.12/CELE_Y116A8C.34/CELE_ZK328.2/CELE_Y80D3A.2/CELE_C26D10.2/CELE_F26D10.3/CELE_F32A5.7/CELE_Y71G12B.14/CELE_H20J04.8/CELE_C50C3.6/CELE_K08D10.4/CELE_K08D10.3/CELE_W02B12.2/CELE_Y116A8C.42/CELE_W08E3.1/CELE_T28D9.10/CELE_C52E4.3/CELE_ZK652.1/CELE_Y49E10.15/CELE_F58E10.3/CELE_M28.5/CELE_T08A11.2/CELE_Y46G5A.4/CELE_Y59A8B.6/CELE_K02F2.3/CELE_M03F8.3/CELE_T10F2.4	27	cyn-12,cyn-13,eftu-2,emb-4,hel-1,hsp-1,lsm-4,lsm-6,mog-2,prp-8,rnp-2,rnp-3,rsp-2,snr-1,snr-2,snr-3,snr-4,snr-5,snr-6,ddx-17,M28.5,sftb-1,snrp-200,prp-6,teg-4,M03F8.3,prp-19
cel03008	Ribosome biogenesis in eukaryotes	19/981	85/3508	0.9036739099411251	0.9991249140955107	0.5208470730121961	CELE_C47B2.5/CELE_T01C3.7/CELE_ZK742.1/CELE_B0205.7/CELE_T01G9.6/CELE_K01G5.4/CELE_C25A1.6/CELE_K01G5.5/CELE_K07C5.4/CELE_M28.5/CELE_T25G3.3/CELE_Y48A6B.3/CELE_Y53C12B.1/CELE_F13H8.2/CELE_T07A9.9/CELE_W01B11.3/CELE_Y23H5B.5/CELE_Y61A9LA.10/CELE_Y66H1A.4	19	eif-6,fib-1,xpo-1,kin-3,kin-10,ran-1,nola-3,K01G5.5,nol-56,M28.5,T25G3.3,Y48A6B.3,Y53C12B.1,F13H8.2,nog-1,nol-58,Y23H5B.5,Y61A9LA.10,Y66H1A.4
cel03430	Mismatch repair	3/981	18/3508	0.9158608866590384	0.9991249140955107	0.5208470730121961	CELE_W03D2.4/CELE_F58F6.4/CELE_F18A1.5	3	pcn-1,rfc-2,rpa-1
cel04361	Axon regeneration	19/981	87/3508	0.9236340303715249	0.9991249140955107	0.5208470730121961	CELE_C05D2.4/CELE_C09G12.8/CELE_Y55D5A.5/CELE_M01D7.7/CELE_C26C6.2/CELE_R10H10.5/CELE_ZK909.2/CELE_K11D9.1/CELE_B0261.2/CELE_K08A8.1/CELE_C35C5.4/CELE_Y51H4A.3/CELE_DY3.7/CELE_ZK470.5/CELE_Y47D3A.16/CELE_Y55D9A.1/CELE_Y56A3A.12/CELE_B0218.1/CELE_T01C8.1	19	bas-1,ced-10,daf-2,egl-30,goa-1,gpa-7,kin-1,klp-7,let-363,mek-1,mig-2,rho-1,sup-17,nck-1,rsks-1,efa-6,faah-4,faah-1,aak-2
cel03015	mRNA surveillance pathway	17/981	79/3508	0.9249950976640569	0.9991249140955107	0.5208470730121961	CELE_F28C6.3/CELE_F29F11.6/CELE_F56C9.1/CELE_C26D10.2/CELE_F38H4.9/CELE_F48E8.5/CELE_Y106G6H.2/CELE_F18H3.3/CELE_F26E4.1/CELE_C13G3.3/CELE_F43G9.5/CELE_H19N07.1/CELE_T07D4.4/CELE_W08G11.4/CELE_F25G6.2/CELE_T05H4.6/CELE_W09C3.6	17	cpf-1,gsp-1,gsp-2,hel-1,let-92,paa-1,pab-1,pab-2,sur-6,pptr-2,cfim-1,erfa-3,ddx-19,pptr-1,symk-1,erfa-1,gsp-3
cel04310	Wnt signaling pathway	16/981	78/3508	0.9500605845340944	0.9991249140955107	0.5208470730121961	CELE_C09G12.8/CELE_D2045.6/CELE_Y18D10A.5/CELE_ZK909.2/CELE_B0205.7/CELE_T01G9.6/CELE_C03C10.1/CELE_K10B2.1/CELE_C35C5.4/CELE_E01H11.1/CELE_Y51H4A.3/CELE_F46A9.5/CELE_F44G3.6/CELE_C02F4.2/CELE_K11E8.1/CELE_C27H6.2	16	ced-10,cul-1,gsk-3,kin-1,kin-3,kin-10,kin-19,lin-23,mig-2,pkc-2,rho-1,skr-1,skr-3,tax-6,unc-43,ruvb-1
cel04020	Calcium signaling pathway	14/981	70/3508	0.95289977999443	0.9991249140955107	0.5208470730121961	CELE_T21H3.3/CELE_M01D7.7/CELE_F33D4.2/CELE_ZK909.2/CELE_W09C2.3/CELE_Y67D8C.10/CELE_E01H11.1/CELE_K11D9.2/CELE_T27E9.1/CELE_C02F4.2/CELE_K11E8.1/CELE_R05C11.3/CELE_R05G6.7/CELE_Y55B1BM.1	14	cmd-1,egl-30,itr-1,kin-1,mca-1,mca-3,pkc-2,sca-1,ant-1.1,tax-6,unc-43,mca-2,vdac-1,stim-1
cel04070	Phosphatidylinositol signaling system	9/981	49/3508	0.9573756578593006	0.9991249140955107	0.5208470730121961	CELE_T21H3.3/CELE_F33D4.2/CELE_E01H11.1/CELE_F55A12.3/CELE_F13G3.5/CELE_F30A10.6/CELE_Y46G5A.5/CELE_C33H5.18/CELE_Y71H2AM.2	9	cmd-1,itr-1,pkc-2,ppk-1,ttx-7,sac-1,pisy-1,cdgs-1,Y71H2AM.2
cel04120	Ubiquitin mediated proteolysis	19/981	92/3508	0.9589819926656044	0.9991249140955107	0.5208470730121961	CELE_D2045.6/CELE_ZK520.4/CELE_Y108G3AL.1/CELE_M7.1/CELE_K10B2.1/CELE_F46A9.5/CELE_F44G3.6/CELE_C47E12.5/CELE_F29B9.6/CELE_Y54G2A.31/CELE_R01H2.6/CELE_H06I04.4/CELE_ZK1010.1/CELE_Y65B4BR.4/CELE_D2085.4/CELE_M18.5/CELE_T10F2.4/CELE_Y67D8C.5/CELE_Y92H12A.2	19	cul-1,cul-2,cul-3,let-70,lin-23,skr-1,skr-3,uba-1,ubc-9,ubc-13,ubc-18,ubl-1,ubq-2,wwp-1,etc-1,ddb-1,prp-19,eel-1,Y92H12A.2
cel03410	Base excision repair	2/981	16/3508	0.9624002034111865	0.9991249140955107	0.5208470730121961	CELE_W03D2.4/CELE_Y71F9AL.18	2	pcn-1,parp-1
cel00534	Glycosaminoglycan biosynthesis - heparan sulfate / heparin	1/981	10/3508	0.9625640227352132	0.9991249140955107	0.5208470730121961	CELE_Y50D4C.4	1	sqv-6
cel03020	RNA polymerase	3/981	25/3508	0.9849127605768928	0.9991249140955107	0.5208470730121961	CELE_C36B1.3/CELE_F26F4.11/CELE_H27M09.2	3	rpb-3,rpb-8,rpb-5
cel04215	Apoptosis - multiple species	1/981	13/3508	0.9860577086092397	0.9991249140955107	0.5208470730121961	CELE_E04A4.7	1	cyc-2.1
cel04392	Hippo signaling pathway - multiple species	1/981	13/3508	0.9860577086092397	0.9991249140955107	0.5208470730121961	CELE_F09A5.4	1	mob-2
cel03440	Homologous recombination	2/981	20/3508	0.987771993418286	0.9991249140955107	0.5208470730121961	CELE_K04C2.4/CELE_F18A1.5	2	brd-1,rpa-1
cel03420	Nucleotide excision repair	5/981	37/3508	0.9892191618937238	0.9991249140955107	0.5208470730121961	CELE_W03D2.4/CELE_F58F6.4/CELE_M18.5/CELE_ZK20.3/CELE_F18A1.5	5	pcn-1,rfc-2,ddb-1,rad-23,rpa-1
cel04330	Notch signaling pathway	2/981	21/3508	0.9908182192986954	0.9991249140955107	0.5208470730121961	CELE_ZC434.6/CELE_C53A5.3	2	aph-2,hda-1
cel04136	Autophagy - other	2/981	24/3508	0.9961549680012964	0.9991249140955107	0.5208470730121961	CELE_F38H4.9/CELE_B0261.2	2	let-92,let-363
cel03460	Fanconi anemia pathway	2/981	25/3508	0.9971325512555924	0.9991249140955107	0.5208470730121961	CELE_F35G12.4/CELE_F18A1.5	2	wdr-48,rpa-1
cel04080	Neuroactive ligand-receptor interaction	2/981	29/3508	0.9991249140955107	0.9991249140955107	0.5208470730121961	CELE_F11H8.2/CELE_C41G7.9	2	lgc-38,C41G7.9
