"","Peptide_sequence","Peptide_count","Gene_names"
"25","AAAPCVLFFDELDSIAK",1,"cdc-48.1, cdc-48.2"
"94","AAGLNYVR",4,"hpo-18, R05D3.6, ZC262.5"
"101","AAGTQLLFFVVK",4,"ppw-1, sago-2"
"193","AATHDPNYQTLAGLNNNVFDK",2,"C36F7.5, F42H11.1, K07A1.5"
"194","AATHDPNYQTLAGLNNNVFDKK",10,"C36F7.5, F42H11.1, K07A1.5"
"197","AATLDPNYQTLAAVGGDVFGADKK",6,"C36F7.5, F42H11.1"
"200","AATMDPNYQTLAAVGGDVFGADKK",9,"F42H11.1, K07A1.5"
"228","AAYAPFFGYMGAASAQIFTVLGAAYGTAK",49,"vha-2, vha-3"
"229","AAYFGMFDTAK",4,"ant-1.3, ant-1.4, ant-1.1, ant-1.2"
"236","ACCCDNDLCIDPNR",1,"gfi-1, F57F4.4"
"245","ACIDPTVYPAR",13,"gfi-1, F57F4.4"
"253","ACPDSNDKEIR",6,"clec-67, clec-72"
"262","ACYSGIFIGGSQISDGGWTACK",16,"gfi-1, F57F4.4"
"270","ADAKDPQYETLNEVDKGIFNNEEK",2,"F47B3.4, F47B3.5, ZC376.8"
"286","ADEFEGDDEVNPVALLPVK",2,"F11G11.14, T23B7.2"
"295","ADFVVESTGVFTTK",13,"gpd-4, gpd-1"
"323","ADLYFANVEK",36,"dod-20, dod-19, ZK6.11"
"375","ADVGFAMGIAGTDVAK",8,"mca-2, mca-1, mca-3"
"408","AEFAPFEK",11,"vit-2, vit-1"
"409","AEFAPFEKFPLDK",3,"vit-2, vit-1"
"410","AEFAPFEKFPLDKK",8,"vit-2, vit-1"
"416","AEGNLLGYVDNK",2,"C04G2.9, Y69E1A.2"
"449","AELYLIIGNLLLR",1,"cyp-35A1, cyp-35C1"
"482","AEVFPGLQR",13,"pgl-3, pgl-1"
"497","AFAAGADIK",6,"ech-6, ech-7"
"500","AFAHLITTGAQDELASA",6,"mlc-1, mlc-2"
"527","AFFQFIQSEHK",2,"duox-2, bli-3"
"532","AFGGQSNDFGR",2,"sdha-1, sdha-2"
"543","AFIEAMVSEAK",1,"lys-5, lys-6"
"560","AFNDSELQDSETSFDSSNDDILNETISR",1,"duox-2, bli-3"
"561","AFNDSELQDSETSFDSSNDDILNETISREELASAMGMK",1,"duox-2, bli-3"
"585","AFTAFIVDGDTPGITR",1,"acdh-8, acdh-10"
"599","AFVHWYVGEGMEEGEFSEAR",7,"mec-12, tba-5, tba-6, tba-9, tba-7"
"600","AFVHWYVGEGMEEGEFTEAR",17,"tba-2, tba-1, tba-4, Y19D2B.1"
"622","AGASWAVVTGATDGIGK",11,"stdh-1, let-767, stdh-2"
"649","AGFAGDDAPR",26,"act-4, act-3, act-2, act-1, act-5"
"653","AGFSLEESAVK",1,"T12B3.3, Y40C5A.4"
"669","AGIEPSGEPQDFIDLFLDAR",3,"cyp-13A4, cyp-13A7, cyp-13A5"
"691","AGLQFPVGR",10,"his-47, his-35, his-51, his-53, his-43, his-33, his-30, his-7, his-57, his-61, his-65, his-19, his-21, htz-1, his-3, his-68, his-16, his-12"
"712","AGPVLDSGIEVYDELMNVNVR",1,"Y47G6A.21, Y47G6A.22"
"715","AGQEFDLR",8,"lec-4, lec-5"
"754","AGYSFVIPR",20,"lys-4, lys-6"
"775","AHFEEAMK",4,"cdc-48.1, cdc-48.2"
"793","AHQVVEDGYEFFAK",10,"gsp-1, gsp-2"
"794","AHQVVEDGYEFFAKR",1,"gsp-1, gsp-2"
"795","AHQVVQDGYEFFASK",5,"gsp-4, gsp-3"
"796","AHQVVQDGYEFFASKK",1,"gsp-4, gsp-3"
"798","AHSAQSVPPGDIQTQPGTK",5,"Y59E9AR.1, Y59E9AR.7"
"819","AIANECQANFISIK",7,"cdc-48.1, cdc-48.2"
"837","AIEEGTHQTLLAR",1,"pgp-4, pgp-3"
"871","AIGIVGDAGVR",12,"vha-2, vha-3"
"921","AIPEFFDLTR",9,"frm-5.2, frm-5.1"
"1001","AKFEELNMDLFR",25,"hsp-3, hsp-4"
"1009","AKIQDKEGIPPDQQR",5,"ubq-1, ubq-2"
"1012","AKLAEQAER",2,"ftt-2, par-5"
"1028","AKVTFVEESK",14,"vit-5, vit-4"
"1029","AKVTFVEESKINR",1,"vit-5, vit-4"
"1044","ALAGGNEAEVEK",5,"maph-1.3, maph-1.2, maph-1.1"
"1100","ALFFYEAER",26,"vit-5, vit-3, vit-4"
"1101","ALFFYEAERR",13,"vit-5, vit-3, vit-4"
"1112","ALHFNPR",1,"lec-12, lec-3"
"1120","ALIEHTR",4,"nhx-2, nhx-6"
"1132","ALKCYVGISTQHK",1,"gfi-1, F57F4.4"
"1219","ALTCTDIPK",7,"T23F2.3, T23F2.5"
"1220","ALTFIDYR",4,"Y54G2A.10, Y54G2A.32"
"1231","ALTVAELTQQMFDAK",31,"tbb-2, ben-1, tbb-1"
"1244","ALVYGLFGSAEPPK",7,"T16A9.5, W03D8.9, Y69E1A.1"
"1245","ALVYGLFGSAEPPKA",20,"T16A9.5, W03D8.9, Y69E1A.1"
"1250","AMAAEAEATR",5,"sto-1, sto-2"
"1254","AMADTLASILSSAQVPAITIHGAR",4,"glh-2, glh-1"
"1275","AMFQQTWEK",5,"vit-5, vit-3, vit-4"
"1276","AMFQQTWEKTGATCKVDQSEVSTFDNVIYR",1,"vit-5, vit-4"
"1283","AMIVVKPWVQR",3,"F47B3.1, F47B3.6"
"1301","AMSIMNSFVNDVFER",34,"his-48, his-41, his-54, his-52, his-44, his-34, his-29, his-8, his-58, his-62, his-66, his-22, his-20, his-4, his-11, his-15"
"1339","ANNEFVKR",1,"duox-2, bli-3"
"1363","ANTVLSGGTTMYPGIADR",2,"act-4, act-3, act-2, act-1"
"1371","ANVGINGFGR",20,"gpd-4, gpd-1"
"1420","APFGAR",2,"C33E10.10, T25G12.13"
"1445","APLAPGAK",1,"R08A2.1, math-46"
"1454","APLTTCYSLVAK",16,"vit-5, vit-3, vit-4"
"1552","AQIRNGLVSEIQFSSEDAEWSK",2,"vit-3, vit-4"
"1555","AQIVQLLR",6,"tat-6, tat-5"
"1558","AQLASQYMQR",6,"pab-2, pab-1"
"1580","AQPSDKYVLVK",8,"mca-2, mca-3"
"1595","AQSVPPGDIQTQPGTK",31,"msp-55, msp-40, msp-50, msp-49, msp-3, msp-77, msp-19, msp-45, msp-142, msp-63, msp-81, msp-38, msp-31, msp-33, msp-57, msp-53, msp-79, msp-78, Y59E9AR.1, Y59E9AR.7, Y59H11AM.1, msp-64, msp-65, msp-59, msp-113, msp-51"
"1596","AQSVPPGDIQTQPNAK",3,"msp-36, msp-10, msp-56, msp-76"
"1610","ARDVIAQAQSGTGK",3,"F33D11.10, Y65B4A.6"
"1615","ARFEELCADLFR",17,"hsp-70, hsp-1, F44E5.4, F44E5.5"
"1618","ARKDDLQPAIR",2,"ZC262.10, ZC262.9"
"1640","ASAGYDLNK",2,"vha-2, vha-3"
"1671","ASETFDNLNQLLDFHGK",1,"T12A2.5, T12A2.21"
"1680","ASFTSFAGPK",1,"nape-2, nape-1"
"1733","ASNNCNVNNPYILGR",2,"gfi-1, F57F4.4"
"1852","ATGGSNPVVIQQQQR",6,"F28H1.4, F47B3.3"
"1856","ATGNGLNSPR",9,"duox-2, bli-3"
"1857","ATGSEIFCPGK",27,"gfi-1, F57F4.4"
"1871","ATIVAFPSTYPDFTPLLR",10,"K10D11.3, K10D11.6"
"1877","ATLKPVQK",9,"hsp-3, hsp-4"
"1888","ATNSGISMFTGLHAK",3,"duox-2, bli-3"
"1894","ATPTKK",1,"F21D5.3, ehbp-1"
"1911","ATSEPGITFVAAK",4,"asp-3, asp-4"
"1928","ATTDIDETMLQK",10,"duox-2, bli-3"
"1963","AVAHHTECTFIR",6,"F56F11.4, rpt-6"
"1972","AVAVVVDPIQSVK",12,"F37A4.5, rpn-11"
"1973","AVCMLSNTTAIAEAWSR",13,"tba-2, tba-1, tba-4"
"1983","AVDMIVEPK",1,"mpst-4, mpst-5, mpst-6"
"2017","AVFPSIVGR",11,"act-4, act-3, act-2, act-1, act-5"
"2018","AVFPSIVGRPR",42,"act-4, act-3, act-2, act-1, act-5"
"2023","AVGKHELAPPR",6,"asg-2, asg-1"
"2025","AVGPWTWK",1,"duox-2, bli-3"
"2049","AVIPANLIDDK",2,"sams-3, sams-4"
"2069","AVLMHDDDLDR",2,"T12B3.3, Y40C5A.4"
"2076","AVLVDLEPGTMDSVR",25,"tbb-2, ben-1, tbb-1, mec-7"
"2087","AVNLGVTFYTAK",6,"K09C6.9, T02B11.4"
"2097","AVPFVPISGFNGDNMLEVSSNMPWFK",38,"eef-1A.1, eef-1A.2"
"2098","AVPIQDFR",4,"ZK1320.2, ZK1320.3"
"2100","AVPQLYYFTIR",9,"F56A4.3, gst-10"
"2103","AVPTDEAKIYAER",4,"rab-11.1, rab-11.2"
"2136","AVTYCEHAK",1,"his-46, his-37, his-50, his-31, his-64, his-5, his-56, his-60, his-38, his-18, his-28, his-1, his-67, his-26, his-10, his-14"
"2139","AVVDYQVLVR",5,"sams-3, sams-4, sams-1, sams-5"
"2143","AVVNMISFNPIAPR",32,"vit-2, vit-1"
"2198","AYHEALSVNDITNSCFEPANQMVK",12,"tba-1, tba-4"
"2215","AYNFWTVSEK",14,"vit-5, vit-3, vit-4"
"2216","AYNFWTVSEKR",26,"vit-5, vit-3, vit-4"
"2256","CADMYPAR",4,"F19C7.2, pcp-3, pcp-2"
"2272","CASGWTR",2,"clec-199, clec-202"
"2273","CASIQATLNQDPVAIFGCVPTQFCR",17,"gfi-1, F57F4.4"
"2276","CATITPDEAR",2,"idh-2, idh-1"
"2281","CCDNDLCIDPNR",5,"gfi-1, F57F4.4"
"2282","CCDSDACLDPNR",2,"gfi-1, F57F4.4"
"2286","CCLATFPAK",3,"nspc-20, nspc-16, nspc-18, nspc-17, nspc-19"
"2288","CCNTDLCLDPPK",3,"gfi-1, F57F4.4"
"2294","CDIDIRK",4,"act-4, act-3, act-2, act-1"
"2295","CDIDIRKDLYANTVLSGGTTMYPGIADR",1,"act-4, act-3, act-2, act-1"
"2320","CFAGIYAQGK",72,"gfi-1, F57F4.4"
"2337","CHQQEQGFET",4,"gfi-1, F57F4.4"
"2338","CHQQEQGFETC",1,"gfi-1, F57F4.4"
"2339","CHQQEQGFETCC",1,"gfi-1, F57F4.4"
"2340","CHQQEQGFETCCCDSDACLDPTSTPPR",46,"gfi-1, F57F4.4"
"2343","CIDPTVVPPVYPVK",70,"gfi-1, F57F4.4"
"2344","CIDPTVVPPVYPVKQLR",11,"gfi-1, F57F4.4"
"2346","CIETGPNPEFIR",45,"F28B4.3, irg-7"
"2348","CIHSVGLPRPVK",8,"pck-2, pck-1"
"2349","CIIPNEK",1,"unc-54, myo-6, myo-3, myo-1, myo-2"
"2350","CIIPNHEK",1,"nmy-2, nmy-1"
"2352","CITRPETAYGLR",40,"vit-5, vit-3, vit-4"
"2385","CNGVLEGIR",1,"unc-54, nmy-2, myo-6, nmy-1, myo-5, myo-3, myo-1, myo-2, nmy-3"
"2387","CNLNQVVPRPPINNPGR",4,"gfi-1, F57F4.4"
"2400","CPDGWLR",2,"clec-87, clec-91"
"2402","CPEALFQPSFLGMESAGIHETSYNSIMK",1,"act-4, act-2"
"2403","CPEAMFQPSFLGMESAGIHETSYNSIMK",6,"act-3, act-1"
"2434","CRPLWSDR",2,"gfi-1, F57F4.4"
"2482","CVVVGDGAVGK",6,"ced-10, rac-2, cdc-42"
"2487","CYPGTR",2,"dos-2, ule-1"
"2489","CYSGVSIPQDK",34,"gfi-1, F57F4.4"
"2490","CYSGVSIPQDKYNTGGDQF",1,"gfi-1, F57F4.4"
"2491","CYSGVSIPQDKYNTGGDQFCDGWCGSLNSVVNGK",4,"gfi-1, F57F4.4"
"2493","CYVGISTQHK",44,"gfi-1, F57F4.4"
"2494","CYVGISTQHKGNIAGAEVLCDGYCATVSAVVGSDYVTAFHCAPR",2,"gfi-1, F57F4.4"
"2495","CYVGLYSTSVPSLQTGAEQLCDGK",26,"gfi-1, F57F4.4"
"2497","CYVGVYTSDGNVNVGGTVSCDGYCGSLETTVNNVLYK",3,"gfi-1, F57F4.4"
"2514","DADVPGLK",17,"pcp-3, pcp-2"
"2515","DADVPGLKVVR",2,"pcp-3, pcp-2"
"2520","DAFAMVYLR",20,"vit-2, vit-1"
"2542","DAIHFPNFIHALK",5,"ctl-3, ctl-1"
"2543","DAIHFPNFIHALKR",1,"ctl-3, ctl-1"
"2572","DAPSFAHR",6,"duox-2, bli-3"
"2573","DAPSFAHRFETF",3,"duox-2, bli-3"
"2612","DAVTYCEH",1,"his-46, his-37, his-50, his-31, his-64, his-5, his-56, his-60, his-38, his-18, his-28, his-1, his-67, his-26, his-10, his-14"
"2613","DAVTYCEHAK",11,"his-46, his-37, his-50, his-31, his-64, his-5, his-56, his-60, his-38, his-18, his-28, his-1, his-67, his-26, his-10, his-14"
"2632","DCPGFFVVR",1,"ech-1.1, ech-1.2"
"2635","DCSEEPTFAVLSK",6,"vit-2, vit-1"
"2653","DDEVAALVVDNGSGMCK",18,"act-4, act-3, act-1"
"2655","DDFGPISNVLEVALK",1,"M70.1, M70.3"
"2663","DDIPAEYK",1,"far-1, far-2"
"2667","DDKPIWVTFGGSYPGSLSAFFR",7,"F19C7.2, F19C7.4"
"2671","DDLQPAIR",9,"ZC262.10, ZC262.9"
"2674","DDNIVVEDLR",1,"duox-2, bli-3"
"2675","DDNIVVEDLRDYIFGPMHFSR",1,"duox-2, bli-3"
"2695","DDYVFSESVR",1,"egas-1, egas-3"
"2756","DFVTVYDGETTSSPVLAAR",1,"clec-13, clec-15"
"2764","DGAAPAAGGGGPAAPADQNAK",7,"C36F7.5, F42H11.1"
"2772","DGAMAYESQGDAPNYFPNSFR",11,"ctl-3, ctl-1"
"2784","DGGGAPAATPGGPK",4,"C36F7.5, F42H11.1"
"2794","DGITPCQR",3,"ttr-3, ttr-2"
"2809","DGRGAGQNIIPASTGAAK",2,"gpd-4, gpd-3, gpd-2, gpd-1"
"2830","DGVQTEVYGSSGMYR",34,"F28B4.3, irg-7"
"2849","DHFLFK",1,"F32B5.1, argk-1, F46H5.3, W10C8.5, ZC434.8"
"2877","DIFAEVNHIR",15,"col-133, col-94, col-93, col-92"
"2912","DITGCCCTNGPNCNLNQVVPRPPINNPGR",4,"gfi-1, F57F4.4"
"2914","DITGYCCTTGTNCNVK",7,"gfi-1, F57F4.4"
"2922","DIVQFVTMR",1,"gem-4, nra-1"
"2927","DKADLYFANVEK",1,"dod-20, dod-19, ZK6.11"
"2962","DKMQPTHPIR",17,"ftt-2, par-5, M117.3"
"3024","DLFNAIESR",11,"ctl-3, ctl-1"
"3038","DLHASLDAVFGGNWNK",24,"vit-2, vit-1"
"3047","DLISSLTSGLLTIGDR",7,"acly-2, acly-1"
"3057","DLLILTNSR",1,"F31E8.5, Y43F8A.2"
"3063","DLMSCAQTGSGK",1,"vbh-1, laf-1"
"3096","DLTDQLGEGGR",2,"unc-54, myo-3"
"3100","DLTEFQTNLVPYPR",1,"mec-12, tba-5, tba-6, tba-9"
"3117","DLYANTVLSGGTTMYPGIADR",52,"act-4, act-3, act-2, act-1"
"3127","DMEKIWHHTFYNELR",1,"act-4, act-3, act-2, act-1, act-5"
"3128","DMESDKDSLFFNVHEK",21,"vit-5, vit-3, vit-4"
"3151","DNEFMTADNYETEDVEEFHR",22,"vit-5, vit-3, vit-4"
"3162","DNIQGITKPA",1,"his-46, his-37, his-50, his-31, his-64, his-5, his-56, his-60, his-38, his-18, his-28, his-1, his-67, his-26, his-10, his-14"
"3163","DNIQGITKPAIR",53,"his-46, his-37, his-50, his-31, his-64, his-5, his-56, his-60, his-38, his-18, his-28, his-1, his-67, his-26, his-10, his-14"
"3164","DNIQGITKPAIRR",5,"his-46, his-37, his-50, his-31, his-64, his-5, his-56, his-60, his-38, his-18, his-28, his-1, his-67, his-26, his-10, his-14"
"3167","DNNDMALQR",31,"F28B4.3, irg-7"
"3173","DNNYVAEHTTDGK",3,"F56A4.2, clec-209"
"3186","DPAAIAWGSVK",9,"gpd-4, gpd-1"
"3189","DPAEIQWGASGADYVVESTGVFTTIEK",34,"gpd-3, gpd-2"
"3197","DPEDKVILSK",3,"T08D2.1, Y60A3A.9"
"3215","DPQDAVVAK",5,"ubc-21, ubc-20"
"3225","DPTFSVYVLK",15,"C18H7.11, K11H12.3, K11H12.4"
"3231","DPVLEELGNLK",1,"F45D11.14, F45D11.15, F45D11.16"
"3233","DQAARNPENTVFDAKR",1,"hsp-70, F44E5.4, F44E5.5"
"3297","DRNDVFYVNAR",1,"cyp-25A2, cyp-25A3"
"3316","DSDKQSLKDAR",4,"F19C7.2, F19C7.4"
"3317","DSDNELVDQIANLFQK",2,"T12B3.3, Y40C5A.4"
"3324","DSGDGVTHTVPIYEGYALPHAILR",2,"act-4, act-3, act-2, act-1"
"3361","DSTLIMQLLR",3,"ftt-2, par-5"
"3370","DSVYEDLAAGDKK",29,"F10C1.23, F10C1.3"
"3374","DSYVGDEAQSK",16,"act-4, act-3, act-2, act-1, act-5"
"3375","DSYVGDEAQSKR",32,"act-4, act-3, act-2, act-1, act-5"
"3384","DTCRPLWSDR",35,"gfi-1, F57F4.4"
"3425","DTPGFIVNR",2,"B0272.3, hacd-1"
"3463","DVFLPGFKK",2,"gst-8, gst-7"
"3475","DVIAQAQSGTGK",14,"F33D11.10, inf-1, Y65B4A.6"
"3489","DVLVPNAAK",2,"acdh-8, acdh-10"
"3494","DVNTAIAAIK",19,"tba-2, tba-1"
"3508","DVSAEMLASAGR",1,"frm-5.2, frm-5.1"
"3562","DYPIACFSGLYVNNMPISIAGWQACK",13,"gfi-1, F57F4.4"
"3623","EAIALQPALK",3,"sod-3, sod-2"
"3624","EAIDALR",2,"vit-2, vit-1"
"3665","EASDIILTDDNFTSIVK",9,"mca-1, mca-3"
"3693","EAVLLAVSCDAFAFGQEDTNNDR",5,"msp-36, msp-55, msp-40, msp-50, msp-49, msp-74, msp-3, msp-77, msp-19, msp-45, F58A6.9, msp-142, msp-63, msp-81, msp-10, msp-56, msp-38, msp-31, msp-32, msp-57, msp-53, msp-79, msp-78, Y59E9AR.1, Y59E9AR.7, Y59H11AM.1, ZK1248.4, msp-64, msp-76, msp-65, msp-59, msp-113, msp-51, msp-152"
"3696","EAVVETPNTTWSDIGGLQNVK",5,"cdc-48.1, cdc-48.2"
"3697","EAVVETPNTTWSDIGGLQNVKR",7,"cdc-48.1, cdc-48.2"
"3705","ECAVLPDVR",1,"wago-1, wago-5"
"3739","EDLAALEK",2,"mec-12, tba-2, tba-1, tba-9, tba-4, tba-7, Y19D2B.1"
"3773","EEGDILSDQSLK",1,"F45D11.14, F45D11.15, F45D11.16"
"3774","EEGEAFAR",3,"F11A5.4, unc-108"
"3783","EEIVYSMENEK",17,"vit-5, vit-3, vit-4"
"3788","EELASAMGMK",2,"duox-2, bli-3"
"3799","EEQSEENTSFFTNEK",3,"vit-2, vit-1"
"3809","EEVPGRR",1,"vha-12, spe-5"
"3819","EFDLENNESENR",10,"vit-5, vit-3, vit-4"
"3820","EFDLENNESENRR",19,"vit-5, vit-3, vit-4"
"3828","EFELEQENTESR",16,"vit-2, vit-1"
"3829","EFELEQENTESRR",2,"vit-2, vit-1"
"3830","EFEMLEK",1,"clec-180, hcp-2"
"3861","EFVNAPQK",1,"duox-2, bli-3"
"3885","EGDPWPTR",3,"C04G2.9, Y59E9AL.2, Y59E9AL.3"
"3917","EGIPPDQQR",41,"ubq-1, ubq-2"
"3920","EGIYDISNK",3,"F11G11.13, ZC434.8"
"3937","EGNPIYCK",3,"ctl-3, ctl-1"
"3941","EGQFVKPQTVYTYTFK",21,"vit-5, vit-3"
"3942","EGQFVKPQTVYTYTFKNEK",2,"vit-5, vit-3"
"3968","EHALLAQTLGVK",58,"eef-1A.1, eef-1A.2"
"3969","EHAPSIIFMDEIDSIGSSR",10,"F56F11.4, rpt-6"
"3993","EHPDWTDEQIFQAAR",9,"duox-2, bli-3"
"4011","EIDIGIPDAVGR",5,"cdc-48.1, cdc-48.2"
"4022","EIEESQADPCR",10,"snf-9, Y43D4A.1"
"4032","EIFLSQPILLELEAPLK",1,"gsp-1, gsp-2"
"4039","EIHETLYVK",5,"vit-2, vit-1"
"4048","EIIKDQFTR",8,"duox-2, bli-3"
"4051","EIIPGVR",1,"ugt-22, Y43D4A.2"
"4053","EIKDTCRPLWSDR",1,"gfi-1, F57F4.4"
"4065","EINPMVDCIAK",1,"F55B11.3, F55B11.5"
"4081","EIQSEQGFK",4,"vit-5, vit-3, vit-4"
"4082","EIQTAVR",1,"his-48, his-41, his-54, his-52, his-44, his-34, his-29, his-8, his-39, his-58, his-62, his-66, his-22, his-20, his-4, his-11, his-15"
"4095","EITALAPSTMK",35,"act-4, act-3, act-2, act-1"
"4106","EIVHVQAGQCGNQIGSK",13,"tbb-2, tbb-1"
"4120","EKASAHLQGGAK",2,"gpd-4, gpd-1"
"4137","EKLCYVALDFEQEMATAASSSSLEK",4,"act-4, act-3, act-2, act-1"
"4148","EKQEDTFDAVKPK",3,"F36H12.5, T13A10.1"
"4162","EKYNTEIIK",10,"C09G12.5, K03D3.5"
"4221","ELIDTVLDR",17,"tba-2, tba-1"
"4226","ELISNASDALDK",12,"hsp-90, enpl-1"
"4227","ELISNASDALDKIR",31,"hsp-90, enpl-1"
"4237","ELLELPFR",6,"vit-5, vit-3, vit-4"
"4238","ELLGFAK",2,"clec-87, clec-88"
"4270","ELQELVQYPVEHPEK",6,"cdc-48.1, cdc-48.2"
"4280","ELSDELKELLELPFR",25,"vit-3, vit-4"
"4282","ELSDILFKGESGIPNTR",1,"duox-2, bli-3"
"4293","ELTEVTGGTR",2,"cyp-34A8, cyp-34A9"
"4321","EMDYIVLPIDMETIDNVVEK",8,"vit-3, vit-4"
"4354","EMVELPLR",14,"cdc-48.1, cdc-48.2"
"4367","ENFSDTGNFGFGVQEHIDLGIK",2,"rpl-11.2, rpl-11.1"
"4447","EQGYAALWR",2,"ant-1.3, ant-1.4"
"4463","EQMSTESELTAESK",2,"F59B1.10, F59B1.8"
"4479","EQTVADLVDFPVSFVESVK",19,"vit-3, vit-4"
"4517","ERVPDMEDVVK",1,"T12B3.3, Y40C5A.4"
"4545","ESIIYSSR",9,"vit-2, vit-1"
"4578","ESSTYQVIYQSSLIDGSVAMVR",3,"T28F3.8, Y51H4A.24"
"4579","ESTFQTTGDVDRYETGDDHNYEQPR",9,"ctl-3, ctl-1"
"4581","ESTLHLVLR",26,"ubq-1, ubq-2"
"4584","ESTTVVR",3,"vit-2, vit-1"
"4593","ESVVAGLVANGLK",41,"C09G12.5, K03D3.5"
"4594","ESVVAGLVANGLKK",99,"C09G12.5, K03D3.5"
"4600","ESYSVYIYR",9,"his-48, his-41, his-54, his-52, his-44, his-34, his-29, his-8, his-58, his-62, his-66, his-22, his-20, his-4, his-11, his-15"
"4610","ETEQVLAR",15,"vit-2, vit-1"
"4642","ETNNNLAVYAR",12,"clec-67, clec-72"
"4645","ETNQQVAALTHQMIR",27,"vit-2, vit-1"
"4650","ETPIFR",1,"gfat-1, gfat-2"
"4652","ETQALILSPTR",8,"F33D11.10, Y65B4A.6"
"4663","ETVIAQYIPFDSAIAFHK",2,"duox-2, bli-3"
"4673","ETYPKPQVITTSNGAPIYSK",4,"ctl-2, ctl-1"
"4686","EVDEQMLNVQNK",25,"tbb-4, tbb-2"
"4717","EVIAEHVWPQTQTLQFDK",1,"frm-5.2, frm-5.1"
"4718","EVIELPVKHPELFDALGIAQPK",2,"F56F11.4, rpt-6"
"4754","EVQASFETVFGGNWNK",20,"vit-5, vit-3, vit-4"
"4758","EVQLALNAK",10,"vit-3, vit-4"
"4759","EVQLSLTSTWGSQK",12,"vit-2, vit-1"
"4767","EVTACCCNNADNCNLK",20,"gfi-1, F57F4.4"
"4768","EVTACCCNNADNCNLKDPN",4,"gfi-1, F57F4.4"
"4769","EVTACCCNNADNCNLKDPNVK",5,"gfi-1, F57F4.4"
"4778","EVTRTQVLAKVSGGALR",2,"col-166, col-168, col-167"
"4790","EVVETHYR",2,"gln-6, gln-5, gln-2"
"4801","EWFQGDGMVR",20,"msp-36, msp-55, msp-40, msp-50, msp-49, msp-74, msp-3, msp-19, msp-45, F58A6.9, msp-142, msp-63, msp-81, msp-10, msp-56, msp-38, msp-31, msp-32, msp-33, msp-57, msp-53, msp-78, Y59E9AR.1, Y59E9AR.7, Y59H11AM.1, ZK1248.4, msp-64, msp-76, msp-65, msp-58, msp-59, msp-113, msp-51, msp-152"
"4829","EYKGIPEYELLIK",1,"vit-5, vit-3, vit-4"
"4847","EYSPIGDQTTASMK",27,"F19C7.2, F19C7.4"
"4901","FALAPNEQK",1,"F45H10.2, R07E4.3"
"4919","FAPQNVTTEVK",1,"eef-1A.1, eef-1A.2"
"4925","FASYAHR",6,"lec-2, lec-3"
"4933","FATVIDR",2,"adsl-1, Y45F10C.1"
"4955","FCVVGR",1,"hgap-2, rpl-16"
"4983","FDGALNVDLNEFQTNLVPYPR",25,"tba-2, tba-1, tba-4, tba-7, tba-8"
"4984","FDGALNVDLTEFQTNLVPYPR",2,"mec-12, tba-5, tba-9"
"4988","FDGLLLSGLPTTFSDASQTLISCR",7,"vit-3, vit-4"
"4993","FDGYTIK",2,"vit-2, vit-1"
"4994","FDGYTVK",3,"vit-5, vit-3, vit-4"
"5012","FDQYGR",1,"fbxc-18, ctf-18, wwp-1"
"5030","FDYEGNEWQEFKK",1,"F56A4.3, gst-10"
"5031","FDYFYISSPAEK",30,"F35E12.6, dct-17"
"5038","FEECYNEIKPER",1,"F45D11.14, F45D11.15, F45D11.16"
"5042","FEELNMDLFR",4,"hsp-3, hsp-4"
"5043","FEEVER",2,"cla-1, vit-6"
"5047","FEGVSGVAGR",6,"col-159, col-160"
"5055","FELSGIPPAPR",1,"hsp-1, F44E5.4, F44E5.5"
"5057","FEMPTESK",4,"E03H12.7, T08H10.3, ZK1248.20"
"5062","FEPGQTLIVK",31,"lec-2, lec-1"
"5066","FESETDTEVIAK",3,"gfat-1, gfat-2"
"5067","FESTVELK",2,"vit-5, vit-3, vit-4"
"5068","FESTVELKK",10,"vit-5, vit-3, vit-4"
"5075","FEYIEAEER",31,"vit-2, vit-1"
"5079","FFAGNLASGGAAGATSLCFVYPLDFAR",9,"ant-1.3, ant-1.4, ant-1.1"
"5081","FFANYDPYTR",4,"cox-6C, Y111B2A.2"
"5106","FFMPGFAPLSAK",1,"tbb-2, ben-1, tbb-1"
"5114","FFSRPSGGWCIR",1,"clec-207, clec-208"
"5115","FFTPPTIKPK",2,"cdr-4, cdr-6"
"5136","FGEGHEQENTNTPK",12,"plp-2, plp-1"
"5143","FGGALDGAAR",4,"acly-2, acly-1"
"5166","FGMQPSR",9,"cdc-48.1, cdc-48.2"
"5181","FGSECKECEK",12,"vit-5, vit-3, vit-4"
"5190","FGYMGAASAQIFTVLGAAYGTAK",2,"vha-2, vha-3"
"5198","FHINLR",4,"sre-49, lec-6"
"5209","FIAAAFPSACGK",9,"pck-2, pck-1"
"5217","FIDLEPNKDYSVR",2,"igdb-2, igdb-1"
"5266","FKGTVAHEGDYLLVAK",23,"gpd-3, gpd-2"
"5271","FKLVFLGEQSVGK",5,"rab-6.1, rab-6.2"
"5293","FLELNPR",2,"T28F3.5, pod-2"
"5298","FLETSAK",1,"rap-1, rab-1, rab-8"
"5301","FLFTSESVSEGHPDK",3,"sams-3, sams-4, sams-1, sams-5"
"5309","FLIDLASGGTAAAVSK",13,"ant-1.3, ant-1.4, ant-1.1"
"5314","FLLPDR",5,"icl-1, unc-10"
"5320","FLNEALR",1,"F45D11.14, F45D11.15, F45D11.16"
"5348","FLWPGFGDNIR",12,"pck-2, pck-1"
"5365","FMNGYGAHTFK",3,"ctl-3, ctl-1"
"5369","FMTDPIR",2,"F33D11.10, Y65B4A.6"
"5414","FNRPSGGWCVR",1,"clec-99, ZK39.9"
"5432","FPDENFKEK",1,"cyn-7, cyn-3"
"5442","FPGCMAGR",4,"pck-2, pck-1"
"5444","FPGFSKFEYIEAEER",2,"vit-2, vit-1"
"5447","FPGLASDYIHANYLGTATNPK",2,"F47B3.1, F47B3.6"
"5449","FPGQLNADLR",22,"tbb-4, tbb-2, ben-1, tbb-1, mec-7"
"5450","FPGQLNADLRK",5,"tbb-4, tbb-2, ben-1, tbb-1, mec-7"
"5454","FPHSIVPPAMLLR",12,"duox-2, bli-3"
"5471","FPSIVGRPR",9,"act-4, act-3, act-2, act-1, act-5"
"5500","FQSAAIGALQEASEAYLVGLFEDTNLCAIHAK",2,"his-71, his-74, his-72"
"5502","FQSSAVMALQEAAEAYLVGLFEDTNLCAIHAK",2,"his-45, his-49, his-42, his-32, his-63, his-6, his-55, his-59, his-40, his-27, his-17, his-2, his-25, his-9, his-13"
"5506","FQTVDSAGNLIQTTHEK",6,"F55G11.4, F55G11.8"
"5508","FQVLHQYTGNALEASK",2,"pud-2.1, pud-2.2"
"5559","FSHYER",4,"dbr-1, clec-88, clec-91"
"5576","FSNPMHTDK",1,"dod-20, dod-19, ZK6.11"
"5625","FTCMPR",6,"vit-5, vit-3, vit-4"
"5628","FTEITNEVSGFIK",60,"eef-1A.1, eef-1A.2"
"5629","FTEITNEVSGFIKK",38,"eef-1A.1, eef-1A.2"
"5638","FTGFKR",1,"rpl-33, F55A4.3"
"5642","FTGNDGTIR",1,"C39H7.1, Y38H8A.3"
"5669","FTSVIYRP",1,"clec-13, clec-15"
"5735","FVQFFLSPQFTESATER",1,"F44E7.4, Y70C5C.1"
"5751","FVTDPVWADR",6,"nape-2, nape-1"
"5757","FVVPENK",10,"vit-5, vit-3, vit-4"
"5758","FVVPENKK",6,"vit-5, vit-3, vit-4"
"5761","FWIGLSR",1,"clec-170, clec-165, clec-169, clec-167, clec-166, clec-168, F56A4.2, clec-68, clec-67, clec-206, clec-173, clec-209, clec-71, clec-72, clec-74, clec-76, clec-83, clec-84, Y54G2A.37, clec-80, clec-85, Y54G2A.7, clec-210, clec-186"
"5766","FWYPVIEQGVK",31,"vit-5, vit-3, vit-4"
"5785","FYGSKEYSPIGDQTTASMK",3,"F19C7.2, F19C7.4"
"5786","FYGTFDLDHSENFDEYLTAK",6,"lbp-2, lbp-1"
"5787","FYGVPGQGR",2,"F46A8.5, F46A8.8"
"5796","FYQASTSELYGK",4,"bre-1, gmd-2"
"5801","FYSICER",1,"clec-266, clec-88"
"5809","FYTEEGNWDLVGNNTPIFFIR",2,"ctl-3, ctl-2, ctl-1"
"5880","GAGQNIIPASTGAAK",20,"gpd-4, gpd-3, gpd-2, gpd-1"
"5904","GALSNVFR",4,"ant-1.3, ant-1.4, ant-1.1"
"5978","GCFNCGEQGHR",1,"glh-2, glh-1"
"6002","GDEAQSKR",1,"act-4, act-3, act-2, act-1, act-5"
"6021","GDGTWSAIGCTSYR",1,"clec-48, clec-49, clec-50"
"6026","GDIFTVQAAMR",6,"cdc-48.1, cdc-48.2"
"6028","GDISVGVVNLPGGK",2,"Y59E9AL.2, Y59E9AL.3"
"6039","GDLGIEIPAEK",10,"pyk-1, pyk-2"
"6108","GEKKDSVYEDLAAGDKK",1,"F10C1.23, F10C1.3"
"6125","GEQEIVAQLQNEEIR",27,"vit-2, vit-1"
"6130","GESDLQLER",6,"ben-1, tbb-1"
"6131","GESGIPNTR",8,"duox-2, bli-3"
"6142","GEWGKEER",2,"lec-2, lec-1"
"6153","GFAGDDAPR",1,"act-4, act-3, act-2, act-1, act-5"
"6154","GFAHLAAGLTCGLCGLGAGYAIGIVGDAGVR",5,"vha-2, vha-3"
"6193","GFKDQIYEVFR",11,"F57B9.3, inf-1"
"6208","GFPGYMYTDLATIYER",31,"vha-12, spe-5"
"6256","GGEGSDSVDLLK",1,"cyp-25A1, cyp-25A2, cyp-25A3"
"6321","GGYLPFGMGPR",1,"cyp-13A4, cyp-13A7, cyp-13A5"
"6357","GHYTEGAELVDNVLDVIR",21,"tbb-2, tbb-1"
"6358","GHYTEGAELVDNVLDVIRK",15,"tbb-2, tbb-1"
"6359","GHYTEGAELVDNVLDVVR",3,"tbb-4, ben-1, mec-7"
"6360","GHYTIGK",1,"mec-12, tba-5, tba-9, tba-8"
"6361","GHYTVGK",3,"tba-2, tba-1, tba-4, tba-7"
"6365","GIAMSSVR",1,"gad-3, F15E6.6"
"6419","GILLFGPPGTGK",2,"cdc-48.1, cdc-48.2, nsf-1, vps-4"
"6428","GINLSGGQK",1,"mrp-3, mrp-4, mrp-2, mrp-1, mrp-7"
"6430","GIPDGFR",1,"ctl-3, ctl-1"
"6432","GIPEYELLIK",17,"vit-5, vit-3, vit-4"
"6451","GISIYEQQGGAR",2,"frm-5.2, frm-5.1"
"6473","GIYAYGFEKPSAIQQR",3,"F33D11.10, Y65B4A.6"
"6475","GIYGFGFEKPSAIQK",4,"F57B9.3, inf-1"
"6483","GKDTFKKPVDESAVAPK",1,"F47B3.4, F47B3.5, ZC376.8"
"6499","GKPPIEGGEVDYK",2,"mlc-1, mlc-2"
"6507","GKTVPTPPLK",1,"gfi-1, F57F4.4"
"6510","GKVTSASAGYDLNK",9,"vha-2, vha-3"
"6565","GLGTRDNDLIR",2,"nex-2, nex-1"
"6572","GLIQEDLK",1,"asb-2, asb-1"
"6577","GLKQVFDEAIR",2,"ced-10, rac-2"
"6606","GLPPLWTR",1,"C14C10.1, C33F10.12, T05F1.8"
"6610","GLQFPVGR",1,"his-47, his-35, his-51, his-53, his-43, his-33, his-30, his-7, his-57, his-61, his-65, his-19, his-21, htz-1, his-3, his-68, his-16, his-12"
"6668","GMSGMISFYLK",3,"cth-1, cth-2"
"6675","GMVVTFAPQNVTTEVK",2,"eef-1A.1, eef-1A.2"
"6691","GNGTGGESIYGEK",10,"cyn-7, cyn-3"
"6692","GNGTGGESIYGEKFPDENFK",7,"cyn-7, cyn-3"
"6693","GNGTGGESIYGEKFPDENFKEK",48,"cyn-7, cyn-3"
"6694","GNHECASINR",2,"gsp-1, F52H3.6, gsp-2, ZK938.1"
"6695","GNHECPAINR",2,"gsp-4, gsp-3"
"6698","GNIAGAEVLCDGYCATVSAVVGSDYVTAFHCAPR",20,"gfi-1, F57F4.4"
"6699","GNILNQHTLENWLLAEQDFEVSVENK",15,"vit-2, vit-1"
"6706","GNLANVIR",8,"ant-1.3, ant-1.4, ant-1.1"
"6723","GNQNPILVHCSAGIGR",1,"F47B3.1, F47B3.6"
"6729","GNTIFNAGGEQYCEGN",1,"gfi-1, F57F4.4"
"6739","GPACASSVTVLCR",2,"Y59E9AL.2, Y59E9AL.3"
"6748","GPELLTMWFGESEANVR",7,"cdc-48.1, cdc-48.2"
"6750","GPFLIAAPLSTIINWER",2,"let-418, chd-3"
"6756","GPGTAFEFALK",3,"djr-1.1, djr-1.2"
"6773","GPNCNLNQVVPRPPINNPGR",4,"gfi-1, F57F4.4"
"6774","GPNGDCFHCPTPR",4,"col-165, dpy-14"
"6775","GPNIDYAHQQR",5,"ptc-2, ptc-1"
"6806","GQAGTAALYTCDPSR",1,"gfi-1, F57F4.4"
"6807","GQAPEFHPMVDSQSLPIWCK",1,"clec-79, clec-73"
"6838","GQNNPSLVIDGMK",1,"wago-1, wago-5"
"6893","GSDWLGDQDAIHYMTR",2,"sdha-1, sdha-2"
"6939","GSPLLVGIKS",1,"gfat-1, gfat-2"
"6946","GSQRPQLR",9,"gfi-1, F57F4.4"
"6978","GSVCSDSKQDPAK",3,"eef-1A.1, eef-1A.2"
"6979","GSVCSDSKQDPAKEAR",4,"eef-1A.1, eef-1A.2"
"7007","GTDDDIDLDLK",1,"K06A9.1, clec-80"
"7022","GTGGALVLAIYDEIQK",16,"ant-1.3, ant-1.4, ant-1.1"
"7036","GTIIGVNPGVGYQPWLK",13,"nkb-1, nkb-3"
"7043","GTLPWQGLK",1,"kin-19, kin-20"
"7064","GTRDNDLIR",2,"nex-2, nex-1"
"7071","GTVAHEGDYLLVAK",27,"gpd-3, gpd-2"
"7083","GTVTYDGDFLIVQK",12,"gpd-4, gpd-1"
"7084","GTVVFVGLPK",6,"sodh-1, sodh-2"
"7091","GVAGSETGLGSR",2,"D2045.2, H04D03.3"
"7101","GVATTASLYTCDPSYICR",1,"gfi-1, F57F4.4"
"7119","GVFESDPPR",1,"F21H7.5, F36D3.4"
"7134","GVIKPDQLIK",1,"acly-2, acly-1"
"7141","GVLFYGPPGCGK",5,"cdc-48.1, cdc-48.2"
"7142","GVLLFGPPGTGK",5,"figl-1, rpt-6"
"7144","GVLLYGPPGTGK",6,"rpt-1, F56F11.4"
"7178","GVPQTNLTAINLLSATR",5,"F47B3.1, F47B3.6"
"7203","GVSYVFGQDVVADVCSR",2,"gsp-4, gsp-3"
"7208","GVTHTVPIYEGYALPHAILR",1,"act-4, act-3, act-2, act-1"
"7220","GVVPAFDLFR",1,"cyp-35B2, cyp-35B1"
"7228","GWAEPAR",1,"gst-24, gst-15"
"7264","GYGDYPNIGMHVEVKDPEDK",9,"T08D2.1, Y60A3A.9"
"7265","GYGDYPNIGMHVEVKDPEDKVILSK",3,"T08D2.1, Y60A3A.9"
"7268","GYGGYGGYGR",4,"nlp-28, nlp-29, nlp-30, nlp-31, ZK353.2"
"7271","GYGWFTR",1,"lbp-2, lbp-1"
"7296","GYSFTTTAER",29,"act-4, act-3, act-2, act-1"
"7297","GYSFTTTAEREIVR",5,"act-4, act-3, act-2, act-1"
"7301","GYSPQGVDAR",5,"F45D11.14, F45D11.15, F45D11.16"
"7313","GYVLPIYAK",1,"F17C8.7, R07E5.15, T23F11.2"
"7328","HADIEIR",1,"pals-11, pals-7"
"7333","HALIIFDDLSK",19,"atp-1, T26E3.7"
"7362","HCVADTICK",2,"gfi-1, F57F4.4"
"7390","HELAPPR",5,"asg-2, asg-1"
"7407","HFGSTAYAVGK",63,"cpr-4, cpr-5"
"7408","HFGSTAYAVGKK",9,"cpr-4, cpr-5"
"7436","HGGALQLDK",1,"ugt-15, ugt-16"
"7442","HGHLSR",1,"F19C7.2, F19C7.4"
"7504","HLDACETMGNATSICSDK",3,"mca-2, mca-1"
"7521","HLQLAVR",12,"his-47, his-35, his-51, his-53, his-43, his-33, his-30, his-7, his-57, his-61, his-65, his-19, his-21, his-3, his-68, his-16, his-12"
"7522","HLQLAVRNDEELNKLLAGVTIAQGGVLPNIQAVLLPK",2,"his-47, his-35, his-51, his-53, his-43, his-33, his-30, his-7, his-57, his-61, his-65, his-19, his-21, his-3, his-68, his-16, his-12"
"7523","HLRDVNAR",1,"rpl-37, W01D2.1"
"7524","HLSLTDR",1,"cyp-35A1, cyp-35A2"
"7559","HNEDSLSFNEFLTVLR",7,"duox-2, bli-3"
"7577","HPDFGAHVHR",2,"frm-5.2, frm-5.1"
"7613","HQELYHK",9,"C09G12.5, K03D3.5"
"7617","HQGVMVGMGQK",36,"act-4, act-3, act-2, act-1, act-5"
"7618","HQGVMVGMGQKDSYVGDEAQSK",11,"act-4, act-3, act-2, act-1, act-5"
"7619","HQGVMVGMGQKDSYVGDEAQSKR",16,"act-4, act-3, act-2, act-1, act-5"
"7657","HSIIHR",4,"cdk-4, jkk-1, T11F9.12"
"7675","HTDKADLYFANVEK",3,"dod-20, dod-19, ZK6.11"
"7679","HTGPGVLSMAN",6,"cyn-7, cyn-3, cyn-2"
"7680","HTGPGVLSMANAGPN",2,"cyn-7, cyn-3"
"7681","HTGPGVLSMANAGPNTNGSQFFLCTVK",11,"cyn-7, cyn-3"
"7717","HVLVVLTDMSSYAEALR",29,"vha-12, spe-5"
"7730","HVVFGK",2,"cyn-5, cyn-6, cyn-2"
"7731","HVVFGR",1,"cyn-11, cyn-7, cyn-3"
"7780","IAEQADEKK",1,"C25A8.2, R02D5.7"
"7783","IAEQIPGASGAEVK",4,"F56F11.4, rpt-6"
"7814","IALLEEEVAR",2,"ifa-3, mua-6"
"7823","IAMGQTESLMFR",1,"cyp-13A4, cyp-13A5"
"7826","IANDNVTLFACVPHSLCR",4,"gfi-1, F57F4.4"
"7838","IAPPERK",2,"act-4, act-3, act-2, act-1, act-5"
"7875","IAVHCTVR",9,"rpl-11.2, rpl-11.1"
"7888","ICFSVEPVAECR",12,"vit-2, vit-1"
"7889","ICFSVEPVAECRR",2,"vit-2, vit-1"
"7904","IDDKHQLVR",3,"C04G2.9, Y59E9AL.2, Y59E9AL.3, Y69E1A.2"
"7955","IDPTVYPAR",2,"gfi-1, F57F4.4"
"7984","IDVYYNEANNGK",21,"tbb-2, tbb-1"
"7985","IDVYYNEANNGKYVPR",14,"tbb-2, tbb-1"
"8084","IESSYDKEEQSEENTSFFTNEK",36,"vit-2, vit-1"
"8088","IEVDLKDEWIQK",1,"M70.1, M70.3"
"8109","IFEKEFDLENNESENR",11,"vit-5, vit-3, vit-4"
"8110","IFEKEFDLENNESENRR",24,"vit-5, vit-3, vit-4"
"8111","IFEKEFELEQENTESR",32,"vit-2, vit-1"
"8112","IFEKEFELEQENTESRR",25,"vit-2, vit-1"
"8128","IFNGSGKPIDK",6,"vha-12, spe-5"
"8143","IFSNPMHTDKADLYFANVEK",3,"dod-20, dod-19, ZK6.11"
"8149","IFVDLEPTVVDEIR",1,"tba-2, tba-1, tba-4, tba-7"
"8179","IGFANAHHSF",3,"asp-16, asp-17"
"8184","IGGIGTVPVGR",28,"eef-1A.1, eef-1A.2"
"8185","IGGIGTVPVGRVETGIIKPGMVVTFAPQNVTTEVK",5,"eef-1A.1, eef-1A.2"
"8203","IGKGEVIK",1,"fkb-2, fkb-8"
"8230","IGNTGGMMDNILASK",8,"acly-2, acly-1"
"8262","IGSTCTFSIYEK",17,"C08F11.12, Y45F10C.2"
"8276","IGVFSCGPVNLNESIAEGCADANR",1,"duox-2, bli-3"
"8298","IHGHLSR",7,"F19C7.2, F19C7.4"
"8304","IHMYQILLVSSFLFSK",1,"T16A9.5, Y69E1A.1"
"8326","IIAPPER",14,"act-4, act-3, act-2, act-1, act-5"
"8327","IIAPPERK",10,"act-4, act-3, act-2, act-1, act-5"
"8329","IIAYDFVPGLLGEDVR",12,"duox-2, bli-3"
"8370","IIIYRSGAS",1,"wago-1, wago-5"
"8384","IINEPTAAAIAYGLDK",44,"hsp-3, hsp-1, hsp-4"
"8385","IINEPTAAAIAYGLDKK",38,"hsp-3, hsp-1, hsp-4"
"8386","IINEPTAAAIAYGLDKKDGER",3,"hsp-3, hsp-4"
"8396","IIPEFMIQGGDFTR",33,"cyn-1, cyn-7"
"8416","IISGSDDNTVAIFEGPPFK",5,"unc-78, aipl-1"
"8419","IISMQEGSDVGAVLDR",8,"F32B5.1, W10C8.5"
"8421","IISNASCTTNCLAPLAK",3,"gpd-3, gpd-2"
"8424","IISQVVSSITASLR",25,"tba-2, tba-1, tba-4, tba-7"
"8458","IKIIAPPER",4,"act-4, act-3, act-2, act-1, act-5"
"8459","IKIIAPPERK",7,"act-4, act-3, act-2, act-1, act-5"
"8466","IKLQIWDTAGQER",3,"rab-1, rab-8, rab-14, rab-10, rab-30"
"8484","IKYPENFFMLR",2,"gsp-4, gsp-3"
"8509","ILEGMDVVR",15,"cyn-5, cyn-6"
"8519","ILFHLADVPFEDFR",8,"gst-26, gst-27, gst-28"
"8549","ILLLDEATSALDTESEK",5,"pgp-9, pgp-4, pgp-1, pgp-3"
"8559","ILMVGLDAAGK",16,"arf-1.2, arf-3"
"8594","ILTGFTWR",14,"T22G5.1, ZC155.4"
"8595","ILTGLTWR",2,"T12B3.3, Y40C5A.4"
"8607","ILVFSPATSK",2,"ugt-46, ugt-47"
"8650","IMSSFSVVPSPK",18,"tbb-2, ben-1, tbb-1"
"8662","INAQGNVLSQWTLPMVLMTEQDFEFTLENK",1,"vit-3, vit-4"
"8703","INTSMPVTNFR",5,"gfi-1, F57F4.4"
"8717","IPARRDPR",1,"gfi-1, F57F4.4"
"8785","IPTTIGMPLTISGK",29,"vit-5, vit-3, vit-4"
"8788","IPVFVR",2,"aagr-2, mrp-8"
"8819","IQDKEGIPPDQQR",135,"ubq-1, ubq-2"
"8832","IQEKEEEFENTRK",4,"unc-54, myo-1"
"8837","IQFLENNLDKLTK",1,"unc-116, ZC262.7"
"8839","IQGEGSFDKDEDMATELKK",1,"F45D11.14, F45D11.15, F45D11.16"
"8843","IQGITKPAIR",2,"his-46, his-37, his-50, his-31, his-64, his-5, his-56, his-60, his-38, his-18, his-28, his-1, his-67, his-26, his-10, his-14"
"8885","IQSLMEHALAIAGTK",61,"vit-2, vit-1"
"8906","IREEYPDR",7,"tbb-4, tbb-2, ben-1, mec-7"
"8921","IRPLWR",1,"arf-1.2, arf-3, arf-6"
"8947","ISDLFQLNPR",1,"pcp-2, pcp-4"
"8958","ISEQFTAMFR",10,"tbb-4, tbb-2, ben-1, tbb-1, mec-7"
"8959","ISEQFTAMFRR",1,"tbb-4, tbb-2, ben-1, tbb-1, mec-7"
"8961","ISFNPIAPR",1,"vit-2, vit-1"
"8964","ISGAGSVDLHK",2,"M70.1, M70.3"
"8968","ISGLIYEETR",39,"his-46, his-37, his-50, his-31, his-64, his-5, his-56, his-60, his-38, his-18, his-28, his-1, his-67, his-26, his-10, his-14"
"8969","ISGLIYEETRGVLK",5,"his-46, his-37, his-50, his-31, his-64, his-5, his-56, his-60, his-38, his-18, his-28, his-1, his-67, his-26, his-10, his-14"
"9078","ITGDFEDHVQSVDIVAFNKI",3,"eef-1B.1, eef-1B.2"
"9081","ITGKEDAANNYAR",2,"mec-12, tba-2, tba-1, tba-4"
"9109","ITLVFDGPDLNSPYLGTLFQALR",6,"K10D11.3, K10D11.6"
"9129","ITPVFGFVDPSGSK",1,"msd-4, msd-1, msd-2, msd-3"
"9130","ITPVFGFVDPSGSKDITITR",1,"msd-4, msd-1, msd-2, msd-3"
"9151","ITVEWTNTPDGAAK",25,"msp-36, msp-55, msp-40, msp-50, msp-49, msp-74, msp-77, msp-19, msp-45, F58A6.9, msp-142, msp-63, msp-81, msp-10, msp-56, msp-38, msp-31, msp-32, msp-33, msp-57, msp-53, msp-79, Y59E9AR.1, Y59E9AR.7, Y59H11AM.1, ZK1248.17, ZK1248.4, msp-64, msp-76, msp-65, msp-58, msp-59, msp-113, msp-51, msp-152"
"9163","ITYYTTLVEQWEK",3,"F45D11.14, F45D11.15, F45D11.16"
"9174","IVCYEGIHLN",1,"gfi-1, F57F4.4"
"9175","IVDAIKDIR",1,"ptc-2, ptc-1"
"9202","IVEMSTSK",2,"iff-2, iff-1"
"9212","IVFNAPYDDKHTYHIK",30,"msp-36, msp-55, msp-40, msp-50, msp-49, msp-3, msp-77, msp-19, msp-45, msp-142, msp-81, msp-10, msp-56, msp-31, msp-32, msp-33, msp-57, msp-53, msp-79, msp-78, Y59E9AR.1, Y59E9AR.7, Y59H11AM.1, msp-64, msp-76, msp-65, msp-59, msp-113, msp-51, msp-152"
"9213","IVFNAPYDDKHTYHIKVINSSAR",1,"msp-36, msp-55, msp-40, msp-50, msp-49, msp-3, msp-77, msp-19, msp-45, msp-142, msp-81, msp-10, msp-56, msp-31, msp-32, msp-33, msp-57, msp-53, msp-79, msp-78, Y59E9AR.1, Y59E9AR.7, Y59H11AM.1, msp-64, msp-76, msp-65, msp-59, msp-113, msp-51, msp-152"
"9253","IVMELYNDIVPK",41,"cyn-7, cyn-2"
"9268","IVPICR",2,"F07G6.10, T25G3.3"
"9280","IVQVGTESMEGHDR",3,"frm-5.2, frm-5.1"
"9286","IVSQMENESNQHVAAFTYNVLR",9,"vit-5, vit-3, vit-4"
"9304","IVVIGHVDSGK",1,"eef-1A.1, eef-1A.2"
"9322","IWDTAGQER",1,"rab-3, rab-1, rab-8, rab-5, rab-11.1, rab-14, rab-10, rab-37, rab-7, rab-30, rab-35, rab-18"
"9323","IWHHTFYNELR",48,"act-4, act-3, act-2, act-1, act-5"
"9328","IYALPEDIVEVKPK",3,"plst-1, Y73B3B.1"
"9342","IYGIPGSGR",2,"F46A8.3, F46A8.4, F49F1.10"
"9357","IYNHLVPTIDYSAMK",2,"ech-1.1, ech-1.2"
"9360","IYPEEMIQTGISAIDVMNSIAR",31,"vha-12, spe-5"
"9364","IYQIYEGTSQIQR",4,"acdh-8, acdh-10"
"9391","KADLYFANVEK",3,"dod-20, dod-19, ZK6.11"
"9394","KADVGFAMGIAGTDVAK",6,"mca-2, mca-1, mca-3"
"9442","KCFAGIYAQGK",9,"gfi-1, F57F4.4"
"9448","KDDLQPAIR",13,"ZC262.10, ZC262.9"
"9462","KDELTLEGIR",6,"F57B9.3, inf-1"
"9465","KDFIEICEK",1,"F32B5.1, W10C8.5"
"9472","KDLYANTVLSGGTTMYPGIADR",20,"act-4, act-3, act-2, act-1"
"9476","KDPVLEELGNLK",3,"F45D11.14, F45D11.15, F45D11.16"
"9484","KDSVYEDLAAGDKK",17,"F10C1.23, F10C1.3"
"9485","KDSYVGDEAQSK",1,"act-4, act-3, act-2, act-1, act-5"
"9486","KDSYVGDEAQSKR",1,"act-4, act-3, act-2, act-1, act-5"
"9497","KEDEGNYEELAIPQ",2,"K08E7.4, Y53F4A.2"
"9524","KESYSVYIYR",30,"his-48, his-41, his-54, his-52, his-44, his-34, his-29, his-8, his-58, his-62, his-66, his-22, his-20, his-4, his-11, his-15"
"9552","KFFTPPTIKPK",2,"cdr-4, cdr-6"
"9559","KFLIDLASGGTAAAVSK",8,"ant-1.3, ant-1.4, ant-1.1"
"9618","KGRFER",1,"pkg-2, rcor-1"
"9647","KHVLVVLTDMSSYAEALR",15,"vha-12, spe-5"
"9665","KIEEAYAK",2,"F32B5.1, W10C8.5"
"9706","KIQSLMEHALAIAGTK",13,"vit-2, vit-1"
"9726","KKDPEITESSK",2,"F47B3.1, F47B3.6"
"9745","KLAVNMVPFPR",1,"tbb-4, tbb-2, ben-1, tbb-1, mec-7"
"9752","KLDRTR",1,"cit-1.1, vab-10"
"9759","KLDYGQHVVSGTPGR",4,"F33D11.10, Y65B4A.6"
"9767","KLEDICPSTHNMDVPVVK",8,"iff-2, iff-1"
"9783","KLFHPEQMITGKEDAANNYAR",1,"tba-2, tba-1, tba-4"
"9807","KLMTVR",1,"C01G5.4, rps-5"
"9813","KLPAVAR",1,"C06C6.7, F36G9.13, Y57G7A.6"
"9829","KLQIITVIEDLK",1,"eef-1B.1, eef-1B.2"
"9849","KLVTFATFK",11,"lbp-2, lbp-1"
"9886","KNPFTK",4,"clec-92, best-21"
"9889","KNQDSEYVEAEEK",12,"vit-5, vit-4"
"9900","KPASFMTSICDERGEELNYAGVPITK",1,"acly-2, acly-1"
"9902","KPCLTYGLR",3,"pes-9, Y71H2AM.11"
"9944","KPQILLLDEATSALDTESER",4,"pgp-4, pgp-3"
"9947","KPSMILVFGDIDEK",1,"F35C11.2, M05D6.3"
"9955","KPVDESAVAPK",10,"F47B3.4, F47B3.5, ZC376.8"
"9962","KPVPVAPEASQSTSECAK",1,"F11G11.14, T23B7.2"
"9967","KPYGDGNLCYVGAYSYDLK",82,"gfi-1, F57F4.4"
"9970","KPYTFTLGK",1,"fkb-3, fkb-5"
"9992","KQNCLVGNLIVSENVITSK",1,"gfi-1, F57F4.4"
"10000","KQVHPDTGVSSK",1,"his-48, his-41, his-54, his-52, his-44, his-34, his-29, his-8, his-58, his-62, his-66, his-22, his-20, his-4, his-11, his-15"
"10014","KSAPVDEMSQDQKDMESDKDSLFFNVHEK",1,"vit-3, vit-4"
"10015","KSDDKFLVK",2,"vit-5, vit-3, vit-4"
"10019","KSDYESSSDYESNYDEKETEK",4,"vit-5, vit-4"
"10020","KSDYESSSDYESNYDEKETEKELVK",2,"vit-5, vit-4"
"10021","KSDYESSSDYESNYDEKETEKELVKK",5,"vit-5, vit-4"
"10026","KSEITFNAQLEQSTEQK",22,"vit-3, vit-4"
"10027","KSEITFNAQLEQSTEQKK",26,"vit-3, vit-4"
"10034","KSEVTVNAQLQQSK",28,"vit-2, vit-1"
"10075","KTISTDKDITGYCCTTGTNCNVK",35,"gfi-1, F57F4.4"
"10100","KTTVSVHTRP",2,"vit-5, vit-3, vit-4"
"10101","KTTVSVHTRPVAFIR",1,"vit-5, vit-3, vit-4"
"10102","KTVTAMDVVYALK",9,"his-46, his-37, his-50, his-31, his-64, his-5, his-56, his-60, his-38, his-18, his-28, his-1, his-67, his-26, his-10, his-14"
"10103","KTVTAMDVVYALKR",19,"his-46, his-37, his-50, his-31, his-64, his-5, his-56, his-60, his-38, his-18, his-28, his-1, his-67, his-26, his-10, his-14"
"10105","KTYANYVQDIQQAAEGLR",2,"T16A9.5, W03D8.9, Y37D8A.5, Y69E1A.1"
"10111","KVASQPNENSQNEVAQCK",14,"C08F11.12, Y45F10C.2"
"10121","KVEDFPK",4,"eef-1A.1, ccnk-1, eef-1A.2"
"10126","KVEIFR",3,"rpl-13, cle-1"
"10146","KVIISAPSADAPMFVVGVNHEK",26,"gpd-3, gpd-2"
"10147","KVIISAPSADAPMYVVGVNHEK",13,"gpd-4, gpd-1"
"10149","KVLEDKELIER",2,"ugt-22, Y43D4A.2"
"10158","KVNGEKESIIYSSR",14,"vit-2, vit-1"
"10160","KVNPTELEQYNIEILGDNLIVIR",14,"vit-5, vit-3, vit-4"
"10173","KVQLVIETTLAVAGTK",7,"vit-5, vit-3, vit-4"
"10177","KVSGPKEEIVYSMENEK",8,"vit-5, vit-3, vit-4"
"10189","KVTLEDQIVQTNPVLEAFGNAK",1,"unc-54, myo-2"
"10190","KVTLELGGK",1,"alh-1, alh-2"
"10215","KYEMFAQTLQQSR",8,"cdc-48.1, cdc-48.2"
"10216","KYENALK",1,"C02G6.2, F44E7.4"
"10219","KYGATVYLLEHR",29,"pcp-3, pcp-4"
"10246","LAAHLR",1,"eor-1, tbc-2"
"10261","LAAVSVTPYWLGIK",9,"clec-41, clec-42"
"10270","LADFGLAR",3,"mapk-15, pct-1, cdk-9, cdk-1, cdk-5, ZC123.4"
"10294","LAEGVPGYPPLNNPHIPLNNPAPPQVHR",7,"duox-2, bli-3"
"10297","LAEMLNNQPTNPK",4,"ugt-22, ugt-23"
"10333","LAHYNKR",5,"his-48, his-41, his-54, his-52, his-44, his-34, his-29, his-8, his-39, his-58, his-62, his-66, his-22, his-20, his-4, his-11, his-15"
"10407","LAQSHAIAR",10,"gst-7, gst-5"
"10409","LAQVIHEK",1,"rmd-3, rmd-6"
"10419","LASSDPDYAIR",10,"ctl-3, ctl-1"
"10450","LAVNMVPFPR",33,"tbb-4, tbb-2, ben-1, tbb-1, mec-7"
"10466","LCLNICVGESGDR",4,"rpl-11.2, rpl-11.1"
"10472","LCYVALDFEQEMATAASSSSLEK",18,"act-4, act-3, act-2, act-1"
"10524","LDLAGRDLTDYLMK",6,"act-4, act-3, act-2, act-1"
"10553","LDPQVVK",1,"clec-165, clec-167, clec-168"
"10557","LDQLIYIPLPDEASR",7,"cdc-48.1, cdc-48.2"
"10580","LDVVASSIMR",9,"duox-2, bli-3"
"10585","LDYGQHVVSGTPGR",3,"F33D11.10, Y65B4A.6"
"10586","LDYKFDLMYAK",6,"tba-2, tba-1, tba-4, tba-7, Y19D2B.1"
"10597","LEAPQQMYWNTELR",42,"vit-5, vit-3, vit-4"
"10613","LEEMVR",1,"hot-5, sel-9"
"10616","LEFVQAMWR",12,"pho-10, pho-11"
"10629","LEKPASLDDIK",7,"gpd-3, gpd-2"
"10630","LEKPASLDDIKK",24,"gpd-3, gpd-2"
"10631","LEKPASMDDIK",2,"gpd-4, gpd-1"
"10632","LEKPASMDDIKK",5,"gpd-4, gpd-1"
"10657","LEPNQSAQILEK",2,"pud-2.1, pud-2.2"
"10712","LFHPEQMITGK",8,"tba-2, tba-1, tba-4"
"10713","LFHPEQMITGKEDAANNYAR",23,"tba-2, tba-1, tba-4"
"10728","LFMLGDSR",8,"duox-2, bli-3"
"10736","LFPSVPIITR",1,"cyp-31A2, cyp-31A3"
"10773","LGANSLLDLVIFGR",4,"sdha-1, sdha-2"
"10799","LGEGGFGAVYR",1,"C39H7.1, Y38H8A.3"
"10800","LGEIVTTIPTIGFNVETVEYK",28,"arf-1.2, arf-3"
"10829","LGGLNYAIGSEAFNKPNR",5,"ppw-1, sago-2"
"10830","LGGLNYTVSDAK",2,"wago-1, wago-5"
"10831","LGGLNYTVSDAKK",1,"wago-1, wago-5"
"10839","LGGVNSILLPNVRPR",3,"alg-1, alg-2"
"10866","LGLSEYQAVK",1,"F32B5.1, W10C8.5"
"10868","LGLTEYQAVR",12,"F11G11.13, ZC434.8"
"10881","LGPFDLAAIPIGAYEPR",4,"nape-2, nape-1"
"10915","LGVDPPCGVLDPK",14,"msp-36, msp-55, msp-40, msp-50, msp-49, msp-74, msp-3, msp-77, msp-19, msp-45, F58A6.9, msp-142, msp-63, msp-81, msp-10, msp-56, msp-31, msp-32, msp-33, msp-57, msp-53, msp-79, msp-78, Y59E9AR.1, Y59E9AR.7, ZK1248.4, msp-64, msp-76, msp-65, msp-58, msp-59, msp-113, msp-51, msp-152"
"10941","LHFFMPGFAPL",3,"tbb-4, tbb-2, ben-1, tbb-1, mec-7"
"10942","LHFFMPGFAPLSAK",29,"tbb-2, ben-1, tbb-1"
"10943","LHFFMPGFAPLTSR",4,"tbb-4, mec-7"
"10957","LHLVLR",1,"ubq-1, ubq-2"
"10969","LHWVEFQSK",2,"vha-7, vha-5, vha-6, unc-32"
"10974","LIADHFLFK",2,"F32B5.1, argk-1, W10C8.5, ZC434.8"
"11014","LIEMEEK",1,"F32B5.1, argk-1, W10C8.5"
"11051","LILPGELAK",30,"his-48, his-41, his-54, his-52, his-44, his-34, his-29, his-8, his-39, his-58, his-62, his-66, his-22, his-20, his-4, his-11, his-15"
"11078","LIPIGYGIK",8,"eef-1B.1, eef-1B.2"
"11132","LIVGFVTSQR",1,"ppw-1, sago-2"
"11136","LIVTTVNSFAER",8,"F59A7.7, cysl-4, cysl-3"
"11173","LKLGEIVTTIPTIGFNVETVEYK",3,"arf-1.2, arf-3"
"11176","LKNILAELHGHYAGTR",1,"frm-5.2, frm-5.1"
"11193","LKVPPTINQFR",41,"rpl-7A, Y73B3A.18"
"11205","LLAGVTIAQGGVLPNIQAV",1,"his-47, his-35, his-51, his-53, his-43, his-33, his-30, his-7, his-57, his-61, his-65, his-19, his-21, his-3, his-68, his-16, his-12"
"11206","LLAGVTIAQGGVLPNIQAVL",2,"his-47, his-35, his-51, his-53, his-43, his-33, his-30, his-7, his-57, his-61, his-65, his-19, his-21, his-3, his-68, his-16, his-12"
"11207","LLAGVTIAQGGVLPNIQAVLLPK",8,"his-47, his-35, his-51, his-53, his-43, his-33, his-30, his-7, his-57, his-61, his-65, his-19, his-21, his-3, his-68, his-16, his-12"
"11212","LLAQTTLR",10,"sto-1, mec-2, sto-2, sto-5, unc-1, sto-6, sto-4"
"11223","LLDAIHACR",1,"bre-1, gmd-2"
"11258","LLFANQTEDDILCR",2,"T05H4.4, hpo-19"
"11289","LLKDTMPR",5,"vit-2, vit-1"
"11290","LLKDVMPR",4,"vit-5, vit-3, vit-4"
"11303","LLLIGDSGVGK",27,"rab-1, rab-8, rab-10"
"11304","LLLLGAGESGK",4,"goa-1, gsa-1, gpa-7, gpa-4, gpa-1, gpa-16"
"11306","LLLNSDEGFEK",12,"clec-79, clec-73"
"11310","LLLQVQDASLTIAADKR",2,"ant-1.3, ant-1.4"
"11331","LLNVGMSGGR",2,"gsp-4, gsp-3"
"11334","LLPDFVIDR",2,"stdh-1, stdh-2"
"11380","LLTEAPLNPK",1,"act-4, act-3, act-2, act-1, act-5"
"11387","LLTIDQALADIK",3,"F19C7.2, F19C7.4"
"11408","LLVTVR",1,"C30H6.12, lron-7"
"11409","LLVYNAAR",8,"acdh-1, acdh-3, acdh-4"
"11514","LNNEQFWLGAQR",6,"clec-79, clec-73"
"11526","LNQINAVAEYK",29,"vit-2, vit-1"
"11527","LNQINAVAEYKLTR",2,"vit-2, vit-1"
"11533","LNQVNVVSEYK",28,"vit-5, vit-3, vit-4"
"11534","LNQVNVVSEYKLTPESEYTFSR",2,"vit-3, vit-4"
"11554","LNTIMDYDR",1,"mrp-4, mrp-7"
"11622","LPHGEVR",5,"vit-3, vit-4"
"11638","LPLQDVYK",5,"eef-1A.1, eef-1A.2"
"11672","LPSLDPYSR",1,"ugt-35, ugt-39, ugt-40, ugt-37, ugt-38, F10D2.8"
"11694","LPVTTIFK",1,"M70.1, M70.3"
"11708","LQALCQYKPAITPAEINYMGR",1,"clec-79, clec-73"
"11711","LQAVDDRYIHLQLIDIQYSASHIPQSEQWPK",3,"vit-3, vit-4"
"11741","LQIWDTAGQER",45,"rab-3, rab-1, rab-8, rab-14, rab-10, rab-37, rab-7, rab-30, rab-35"
"11796","LRDNIQGITKPAIR",2,"his-46, his-37, his-50, his-31, his-64, his-5, his-56, his-60, his-38, his-18, his-28, his-1, his-67, his-26, his-10, his-14"
"11872","LSGGTTMYPGIADR",1,"act-4, act-3, act-2, act-1"
"11894","LSLGYAYVNFQQPADAER",7,"pab-2, pab-1"
"11895","LSLQLTDYK",1,"Y59A8B.25, Y59A8B.8"
"11907","LSPEDIER",18,"hsp-3, hsp-4"
"11923","LSSDRDLSK",5,"duox-2, bli-3"
"11936","LSTIQNADK",4,"pgp-4, pgp-3"
"11966","LTDFER",1,"rpl-14, unc-68, vps-53"
"11971","LTDNVGTVPH",2,"T22G5.1, ZC155.4"
"11978","LTEAPLNPK",1,"act-4, act-3, act-2, act-1, act-5"
"12011","LTGMAFRVPTPDVSVVDLTAR",1,"gpd-3, gpd-2"
"12012","LTGMAFRVPTPDVSVVDLTVR",1,"gpd-4, gpd-1"
"12051","LTNPTYGDLNHLVSLTMSGVTTCLR",2,"tbb-2, tbb-1"
"12054","LTPESEYTFSR",24,"vit-3, vit-4"
"12078","LTTSVNEQELQTCCAVAK",1,"gsp-4, gsp-3"
"12085","LTVEARPSVAATHVYEMR",11,"vit-2, vit-1"
"12086","LTVGQLEKTELSQIK",1,"vit-2, vit-1"
"12092","LTYFNAR",5,"gst-3, gst-26, gst-28"
"12094","LVAAIR",1,"F55F10.1, alh-4"
"12115","LVDFGFAK",2,"pkg-2, egl-4"
"12117","LVDFIR",1,"tars-1, K07C11.4"
"12165","LVFGEAPNTISVANLGAK",7,"F47B3.1, F47B3.6"
"12168","LVFLGEQSVGK",15,"rab-6.1, rab-6.2"
"12190","LVHGDVFR",1,"tag-123, ZK858.6"
"12191","LVIASMQKIIAYDFVPGLLGEDVR",1,"duox-2, bli-3"
"12200","LVIVECR",2,"nkb-1, nkb-3"
"12202","LVIVNSVFSGDDKDLAK",6,"C35E7.9, F36H12.3"
"12204","LVLDIVPTVATTHVTEMR",43,"vit-5, vit-3, vit-4"
"12206","LVLEENHSIK",15,"vit-2, vit-1"
"12247","LVQGPVQITVTR",10,"frm-5.2, frm-5.1"
"12260","LVSLDGEPVDGFTPATILEK",1,"frm-5.2, frm-5.1"
"12271","LVSWYDNEFGYSNR",52,"gpd-3, gpd-2"
"12272","LVSWYDNEYGYSNR",9,"gpd-4, gpd-1"
"12278","LVTFATFK",2,"lbp-2, lbp-1"
"12287","LVTYGQPR",3,"B0035.13, T21H3.1"
"12314","LWIPVYLR",2,"ent-2, ent-1"
"12348","LYEEIMEAK",1,"cyp-25A1, cyp-25A2, cyp-25A3"
"12354","LYFHIAETEKK",3,"T08D2.1, Y60A3A.9"
"12386","LYRPGSVAYVSR",8,"acly-2, acly-1"
"12399","LYYFNLR",4,"gst-24, F56A4.4, Y45G12C.3"
"12401","MAALWR",5,"vit-5, vit-3, vit-4"
"12405","MAATFVGNSTAIQELFK",31,"tbb-4, tbb-2, tbb-1"
"12406","MAATFVGNSTAIQELFKR",24,"tbb-4, tbb-2, tbb-1"
"12412","MADIPFDNLASIK",1,"mpst-5, mpst-6"
"12421","MAERPADDNETINDAK",9,"T07C12.10, Y4C6A.4"
"12440","MAPDEQCINVTTLK",1,"F47B3.1, F47B3.6"
"12456","MCDGECVSVSLGGTVNNNSHYATLYTCDPSSACAAMGLR",1,"gfi-1, F57F4.4"
"12459","MCQWEVEIR",22,"vit-2, vit-1"
"12460","MCQWEVEIRR",2,"vit-2, vit-1"
"12462","MCTIEELK",4,"vit-5, vit-3, vit-4"
"12463","MCTIEELKK",16,"vit-5, vit-3, vit-4"
"12477","MDELGLFR",10,"cdc-48.1, cdc-48.2"
"12488","MDIDSKIK",1,"col-119, dpy-4"
"12497","MDLEQR",1,"col-125, col-117, col-3, col-108"
"12506","MDQIPPYEFNK",20,"F17E9.5, Y38C1AA.7"
"12509","MDSTEPPFSEAR",28,"eef-1A.1, eef-1A.2"
"12552","MEPYYPEFR",65,"gfi-1, F57F4.4"
"12553","MEPYYPEFRA",1,"gfi-1, F57F4.4"
"12563","METEEYGKPDPNR",2,"F45D11.14, F45D11.15, F45D11.16"
"12599","MFTPLFEQGVK",40,"vit-2, vit-1"
"12631","MHELDSDDALLQQDSR",16,"gem-4, nra-1"
"12634","MHTDKADLYFANVEK",2,"dod-20, dod-19, ZK6.11"
"12657","MITGTSQADCAVLVVACGTGEFEAGISK",2,"eef-1A.1, eef-1A.2"
"12658","MITLSR",1,"srg-4, ech-7"
"12676","MKGDYYR",5,"ftt-2, par-5"
"12686","MKSEVKEPDAPK",3,"F36H12.5, T13A10.1"
"12695","MLALWR",4,"vit-2, vit-1"
"12701","MLDMGFEPQIR",2,"vbh-1, laf-1"
"12706","MLENPDSVEK",1,"K01A2.12, K01A2.9"
"12741","MMHTIPEEPVLAH",10,"vit-5, vit-3, vit-4"
"12742","MMHTIPEEPVLAHIVSQMENESNQHVAAFTYNVLR",36,"vit-5, vit-3, vit-4"
"12743","MMHTRPEESLLVQVVSQMEK",51,"vit-2, vit-1"
"12744","MMHTRPEESLLVQVVSQMEKETNQQVAALTHQMIR",6,"vit-2, vit-1"
"12819","MPTILSINGK",53,"vit-5, vit-3, vit-4"
"12829","MQIFVK",12,"ubq-1, ubq-2"
"12830","MQIFVKTLTGKTITLEVEASDTIENVK",1,"ubq-1, ubq-2"
"12832","MQKEITALAPSTMK",9,"act-4, act-3, act-2, act-1"
"12834","MQLLEIITHDGTSK",1,"ech-1.1, ech-1.2"
"12840","MQPTHPIR",14,"ftt-2, par-5, M117.3"
"12845","MQTSPTAPTTLR",3,"C33F10.12, T05F1.8"
"12849","MRDQSIAVK",1,"ttr-44, ttr-45, ttr-46"
"12855","MREIVHVQAGQCGNQIGSK",14,"tbb-2, tbb-1"
"12868","MSATFIGNSTAIQELFK",1,"ben-1, mec-7"
"12869","MSATFIGNSTAIQELFKR",2,"ben-1, mec-7"
"12879","MSGESESNLR",4,"cdc-48.1, cdc-48.2"
"12880","MSGESESNLRK",1,"cdc-48.1, cdc-48.2"
"12897","MSQHLESLK",2,"T05H4.4, hpo-19"
"12911","MSVSQEKPAANRPAELPPPAPSSK",1,"frm-5.2, frm-5.1"
"12969","MVFTADGK",2,"ant-1.3, ant-1.4"
"12987","MVTGDNINTAR",9,"mca-2, mca-3"
"12992","MVWFESPSNPLLK",5,"cth-1, cth-2"
"13099","NATLTVR",2,"Y55F3AM.13, ung-1"
"13103","NATVYYCAPVGMCR",5,"gfi-1, F57F4.4"
"13106","NAVDLRR",1,"hlh-1, wwp-1"
"13136","NDEELNKLLAGVTIAQGGVLPNIQ",1,"his-47, his-35, his-51, his-53, his-43, his-33, his-30, his-7, his-57, his-61, his-65, his-19, his-21, his-3, his-68, his-16, his-12"
"13137","NDEELNKLLAGVTIAQGGVLPNIQA",2,"his-47, his-35, his-51, his-53, his-43, his-33, his-30, his-7, his-57, his-61, his-65, his-19, his-21, his-3, his-68, his-16, his-12"
"13138","NDEELNKLLAGVTIAQGGVLPNIQAVL",3,"his-47, his-35, his-51, his-53, his-43, his-33, his-30, his-7, his-57, his-61, his-65, his-19, his-21, his-3, his-68, his-16, his-12"
"13139","NDEELNKLLAGVTIAQGGVLPNIQAVLLPK",5,"his-47, his-35, his-51, his-53, his-43, his-33, his-30, his-7, his-57, his-61, his-65, his-19, his-21, his-3, his-68, his-16, his-12"
"13140","NDEELNKLLAGVTIAQGGVLPNIQAVLLPKK",1,"his-47, his-35, his-51, his-53, his-43, his-33, his-30, his-7, his-57, his-61, his-65, his-19, his-21, his-3, his-68, his-16, his-12"
"13185","NEECEAEEER",2,"vit-2, vit-1"
"13186","NEECEAEEERLS",3,"vit-2, vit-1"
"13187","NEECEAEEERLSEK",14,"vit-2, vit-1"
"13188","NEECEAEEERLSEKK",3,"vit-2, vit-1"
"13190","NEECEVENDR",7,"vit-5, vit-3"
"13191","NEECEVENDRISEK",12,"vit-5, vit-3"
"13192","NEECEVENDRISEKK",5,"vit-5, vit-3"
"13198","NEGMSAMFK",1,"ant-1.3, ant-1.4, ant-1.1"
"13202","NEIEKIESSYDKEEQSEENTSFFTNEK",25,"vit-2, vit-1"
"13230","NESYGYGYQGK",1,"Y59E9AL.2, Y59E9AL.3"
"13248","NFEIVYK",6,"vit-2, vit-1"
"13269","NFNIGQDIQPK",12,"rpl-7A, Y73B3A.18"
"13276","NFSNFSDR",2,"cyp-25A1, cyp-25A2, cyp-25A3, cyp-25A4, cyp-25A6"
"13290","NGDKAEFAPFEK",35,"vit-2, vit-1"
"13291","NGDKAEFAPFEKFPLDK",10,"vit-2, vit-1"
"13292","NGDKAEFAPFEKFPLDKK",8,"vit-2, vit-1"
"13298","NGEFDIK",2,"vit-5, hecw-1, vit-3, vit-4"
"13312","NGFTLINNK",2,"clec-10, clec-5, clec-6, clec-11, clec-13, clec-15"
"13333","NGLVSEIQFSSEDAEWSK",19,"vit-3, vit-4"
"13343","NGQTREHALLAQTLGVK",1,"eef-1A.1, eef-1A.2"
"13348","NGRVEIIANDQGNR",6,"hsp-3, hsp-4"
"13354","NGTLPFIELNGEHIADSDLIEIR",6,"cdr-4, cdr-6"
"13387","NIAQDSAASSEGTLR",10,"frm-5.2, frm-5.1"
"13455","NIRPLVR",3,"vit-2, vit-1"
"13458","NISFTVWDVGGQDK",19,"arf-1.2, arf-3"
"13510","NLDPTDAGK",9,"ctl-3, ctl-1"
"13523","NLFDYSNLTSK",6,"lbp-2, lbp-1"
"13524","NLFDYSNLTSKK",2,"lbp-2, lbp-1"
"13546","NLLSVAYK",2,"ftt-2, par-5"
"13547","NLLSVAYKNVVGAR",3,"ftt-2, par-5"
"13594","NLVAFVR",1,"vgln-1, dnj-17"
"13619","NMGLYGER",2,"got-2.2, got-2.1"
"13627","NMISFNPIAPR",1,"vit-2, vit-1"
"13633","NMMAACDPR",1,"tbb-4, tbb-2, ben-1, tbb-1, mec-7"
"13635","NMPISIAGWQACK",2,"gfi-1, F57F4.4"
"13652","NNCSTIDNSLTACCCDSNECIDPTYNR",2,"gfi-1, F57F4.4"
"13653","NNCSTIDNSLTACCCDSNECIDPTYNRVPGK",2,"gfi-1, F57F4.4"
"13682","NNLVVR",1,"ctns-1, vit-2"
"13773","NPYSWNK",11,"F13D12.6, Y16B4A.2"
"13779","NQDSEYVEAEEK",22,"vit-5, vit-4"
"13803","NQLTINPENTIFDAK",12,"hsp-3, hsp-4"
"13804","NQLTINPENTIFDAKR",16,"hsp-3, hsp-4"
"13825","NQVIAFNGMIQPISQSSSISDALLYVTTSLPAGGVK",6,"T19D12.1, T19D12.2"
"13851","NRPVEFTAR",13,"vit-5, vit-3, vit-4"
"13854","NRQNKPELR",1,"vit-5, vit-3, vit-4"
"13874","NSEELLVK",11,"vit-5, vit-3, vit-4"
"13875","NSEEMIIK",2,"vit-2, vit-1"
"13932","NSQIFR",2,"W04G5.5, tre-3"
"13937","NSSQPSQVPAATPTAAPPSK",7,"F47B3.1, F47B3.6"
"13938","NSSYFVEWIPNNVK",21,"tbb-4, tbb-2, ben-1, tbb-1"
"13986","NTIQHLIHHFEK",26,"vit-5, vit-3, vit-4"
"13990","NTLDCAVK",2,"ant-1.3, ant-1.4"
"13991","NTLEITHK",13,"vit-5, vit-3, vit-4"
"14000","NTPAMYVAIQAVLSLYASGR",1,"act-4, act-3, act-2, act-1"
"14003","NTQIFSNPMHTD",2,"dod-20, ZK6.11"
"14004","NTQIFSNPMHTDK",178,"dod-20, ZK6.11"
"14005","NTQIFSNPMHTDKADLYFANVEK",222,"dod-20, ZK6.11"
"14018","NTTIPTK",12,"hsp-6, hsp-1"
"14028","NTVIPTK",2,"hsp-3, hsp-4"
"14029","NTVIPTKK",10,"hsp-3, hsp-4"
"14031","NTVLATGGYGR",4,"sdha-1, sdha-2"
"14032","NTVLSGGTTMYPGIADR",1,"act-4, act-3, act-2, act-1"
"14060","NVDTFFSGFK",2,"T12B3.3, Y40C5A.4"
"14077","NVFIIGATNRPDIIDPAVLRPGR",1,"cdc-48.1, cdc-48.2"
"14080","NVGDLNSIPDKEAFK",1,"M70.1, M70.3"
"14086","NVGSIQLLVR",1,"Y59E9AL.2, Y59E9AL.3"
"14156","NVYDSIAK",1,"mca-2, mca-3"
"14157","NWCHYQNPVGPSYLAVVGNK",1,"clec-67, clec-72"
"14180","NYEGKPEEPTQR",5,"mct-2, mct-1"
"14272","PEEHPVLLTEAPLNPK",3,"act-4, act-3, act-2, act-1, act-5"
"14273","PEFMIQGGDFTR",1,"cyn-1, cyn-7"
"14276","PEYELLIK",7,"vit-5, vit-2, vit-3, vit-4, vit-1"
"14300","PGQTLIVK",1,"lec-2, lec-1"
"14339","PMHTDKADLYFANVEK",10,"dod-20, dod-19, ZK6.11"
"14342","PNDPSDNQLK",5,"ctl-2, ctl-1"
"14356","PPINNPGR",12,"gfi-1, F57F4.4"
"14358","PPPPPPR",1,"sap-49, F41B4.1, R04E5.8, unc-7, pqn-67, inx-20, W03B1.5, W03B1.9, pqn-75, W04B5.2, Y40B10A.11, hrpu-1, clec-92"
"14365","PQMPSSLR",6,"vit-5, vit-3, vit-4"
"14370","PSGGWCIR",4,"clec-207, clec-208, clec-128, clec-94"
"14373","PSIVGRPR",7,"act-4, act-3, act-2, act-1, act-5"
"14382","PSSVCYQLK",3,"gfi-1, F57F4.4"
"14384","PSVAATHVYEMR",25,"vit-2, vit-1"
"14399","PTVSPPR",3,"gfi-1, F57F4.4"
"14400","PTYNRVPGK",3,"gfi-1, F57F4.4"
"14418","QAASGINAEVIIKDEENSILLSQAITK",6,"duox-2, bli-3"
"14441","QAFDDAIAELDTLNEDSYK",8,"ftt-2, par-5"
"14442","QAFDDAIAELDTLNEDSYKDSTLIMQLLR",32,"ftt-2, par-5"
"14541","QDPAKEAR",1,"eef-1A.1, eef-1A.2"
"14578","QELIDYDMPR",8,"K11H12.3, K11H12.4"
"14579","QELIVR",1,"chd-3, Y51F10.4"
"14591","QEYDESGPSIV",1,"act-4, act-3, act-2, act-1, act-5"
"14592","QEYDESGPSIVHR",61,"act-4, act-3, act-2, act-1, act-5"
"14593","QEYDESGPSIVHRK",16,"act-4, act-3, act-2, act-1, act-5"
"14605","QFDNFYGR",1,"cyp-13A4, cyp-13A7, cyp-13A5, cyp-13A6, cyp-13A2"
"14660","QFYINVQK",2,"F57B9.3, inf-1"
"14667","QGDKAEVNPFK",19,"vit-5, vit-4"
"14675","QGFADIR",1,"pcp-3, pcp-4"
"14689","QGITKPAIR",1,"his-46, his-37, his-50, his-31, his-64, his-5, his-56, his-60, his-38, his-18, his-28, his-1, his-67, his-26, his-10, his-14"
"14736","QHMLTAEDDGK",1,"pud-1.1, pud-1.2"
"14737","QHMLTAEDDGKTTTIR",1,"pud-1.1, pud-1.2"
"14758","QIETNLDDKNGVVDGK",1,"pud-2.1, pud-2.2"
"14764","QIFSNPMHTDK",2,"dod-20, dod-19, ZK6.11"
"14774","QIIIDNLDVTGGYKR",1,"dnj-2, C47A4.1"
"14792","QIPYTMMK",5,"C33F10.12, F01G4.6, T05F1.8"
"14793","QIQEHEQNTPETVHLIAR",65,"vit-5, vit-3, vit-4"
"14878","QLEDGRTLSDYNIQK",2,"ubq-1, ubq-2"
"14881","QLEMYDECKPLPYDTTVTG",1,"gfi-1, F57F4.4"
"14882","QLEMYDECKPLPYDTTVTGCCCDNYNNCNVDLAGYGGK",5,"gfi-1, F57F4.4"
"14900","QLIADHFLFK",2,"F32B5.1, argk-1, W10C8.5"
"14904","QLIMAQR",6,"gst-24, gst-39"
"14908","QLIVACNK",4,"eef-1A.1, eef-1A.2"
"14909","QLIVACNKMDSTEPPFSEAR",7,"eef-1A.1, eef-1A.2"
"14969","QLTSEPAISHPDIR",6,"frm-5.2, frm-5.1"
"14972","QLVETVIQQLEGAFALAFK",1,"gfat-1, gfat-2"
"15023","QNKPELR",17,"vit-5, vit-3, vit-4"
"15045","QNSDTVNQLIANLK",41,"F28B4.3, irg-7"
"15077","QPPVDLGEGK",3,"F32B5.1, argk-1, W10C8.5"
"15111","QQIAIPSDGIAEIHK",15,"plp-2, plp-1"
"15174","QRPQLR",11,"gfi-1, F57F4.4"
"15184","QSAWLAAGSVVR",37,"vit-5, vit-3, vit-4, vit-1"
"15199","QSGGDYTQR",1,"clec-79, clec-73"
"15212","QSLKDAR",1,"F19C7.2, F19C7.4"
"15269","QTLMFSATFPDSVQEAAR",1,"glh-2, glh-1"
"15278","QTPLLVR",4,"ctl-3, ctl-1"
"15290","QTVAVGVIK",16,"eef-1A.1, eef-1A.2"
"15293","QTVTVVGK",4,"ttr-25, ttr-24"
"15321","QVGPQLNEMYIITR",3,"Y59E9AL.2, Y59E9AL.3"
"15322","QVHPDTGVSSK",34,"his-48, his-41, his-54, his-52, his-44, his-34, his-29, his-8, his-58, his-62, his-66, his-22, his-20, his-4, his-11, his-15"
"15363","QVVPRPPINNPGR",3,"gfi-1, F57F4.4"
"15402","QYEPEIR",20,"vit-2, vit-1"
"15403","QYETFGLR",15,"vit-5, vit-3, vit-4"
"15457","RAPFQR",6,"his-45, his-49, his-42, his-32, his-63, his-6, his-55, his-59, his-40, his-27, his-17, his-2, his-25, his-9, his-13"
"15459","RAQLASQYMQR",2,"pab-2, pab-1"
"15467","RAVVNMISFNPIAPR",11,"vit-2, vit-1"
"15486","RDNIQGITKPAIR",4,"his-46, his-37, his-50, his-31, his-64, his-5, his-56, his-60, his-38, his-18, his-28, his-1, his-67, his-26, his-10, his-14"
"15501","REEEIVVK",11,"vit-5, vit-3, vit-4"
"15502","REEEIVVKK",15,"vit-5, vit-3, vit-4"
"15516","REWFQGDGMVR",1,"msp-36, msp-55, msp-40, msp-50, msp-49, msp-74, msp-3, msp-19, msp-45, F58A6.9, msp-142, msp-63, msp-81, msp-10, msp-56, msp-38, msp-31, msp-32, msp-33, msp-57, msp-53, msp-78, Y59E9AR.1, Y59E9AR.7, Y59H11AM.1, ZK1248.4, msp-64, msp-76, msp-65, msp-58, msp-59, msp-113, msp-51, msp-152"
"15544","RGEPLDEDEVK",1,"mlc-1, mlc-2"
"15546","RGETFVTR",2,"bre-1, gmd-2"
"15548","RGFPGYMYTDLATIYER",2,"vha-12, spe-5"
"15556","RGSVCSDSKQDPAK",7,"eef-1A.1, eef-1A.2"
"15557","RGSVCSDSKQDPAKEAR",4,"eef-1A.1, eef-1A.2"
"15571","RHQGVMVGMGQK",8,"act-4, act-3, act-2, act-1, act-5"
"15575","RIDVVPIKDTR",7,"F44E7.4, Y70C5C.1"
"15588","RIGYGIK",1,"msp-36, msp-40, msp-50, msp-49, msp-3, msp-77, msp-19, msp-45, msp-142, msp-63, msp-81, msp-10, msp-56, msp-38, msp-31, msp-32, msp-33, msp-53, msp-79, msp-78, Y50E8A.2, Y59E9AR.1, Y59E9AR.7, Y59H11AM.1, msp-64, msp-76, msp-65, msp-59, msp-113, msp-51, msp-152"
"15595","RIPTTIGMPLTISGK",36,"vit-5, vit-3, vit-4"
"15600","RISEQFTAMFR",1,"tbb-4, tbb-2, ben-1, tbb-1, mec-7"
"15601","RISGLIYEETR",10,"his-46, his-37, his-50, his-31, his-64, his-5, his-56, his-60, his-38, his-18, his-28, his-1, his-67, his-26, his-10, his-14"
"15606","RIVYGIK",1,"msp-55, msp-57"
"15638","RLGVDPPCGVLDPK",1,"msp-36, msp-55, msp-40, msp-50, msp-49, msp-74, msp-3, msp-77, msp-19, msp-45, F58A6.9, msp-142, msp-63, msp-81, msp-10, msp-56, msp-31, msp-32, msp-33, msp-57, msp-53, msp-79, msp-78, Y59E9AR.1, Y59E9AR.7, ZK1248.4, msp-64, msp-76, msp-65, msp-58, msp-59, msp-113, msp-51, msp-152"
"15668","RLVIASMQK",2,"duox-2, bli-3"
"15676","RNFEIVYK",6,"vit-2, vit-1"
"15688","RNTTIPTK",1,"hsp-6, hsp-1"
"15690","RPACISSGITATCTK",6,"clec-207, clec-208"
"15691","RPAGIEC",1,"clec-36, clec-37"
"15762","RQDRLDLFFR",2,"duox-2, bli-3"
"15770","RQPLPVR",8,"vit-2, cla-1"
"15780","RRPACISSGITATCTK",5,"clec-207, clec-208"
"15787","RSIFVDLEPTVVDEIR",4,"tba-2, tba-1, tba-4, tba-7"
"15789","RSILNLFSLR",1,"vit-5, vit-3, vit-4"
"15791","RSPILEETK",7,"vit-2, vit-1"
"15792","RSPILEETKEWTLR",13,"vit-2, vit-1"
"15793","RSPMEHENKEWTLR",4,"vit-5, vit-3"
"15799","RSVTDNDIR",2,"cdc-48.1, cdc-48.2"
"15825","RVAPEEHPVLLTEAPLNPK",1,"act-4, act-3, act-2, act-1"
"15850","RVPADVVLLR",2,"tat-6, tat-5"
"15861","RVQSGIQMLQEIVK",25,"vit-5, vit-3, vit-4"
"15862","RVQSGIQMLQEIVKK",23,"vit-5, vit-3, vit-4"
"15872","RVVLQLSVEPLSR",1,"vit-5, vit-3, vit-4"
"15884","RYSEIYYPTVPVKDGIIVR",1,"clec-79, clec-73"
"15961","SAGTHVSTLWLDIER",61,"lys-10, lys-4"
"15968","SAIAPIFSTGK",2,"cyp-25A1, cyp-25A2, cyp-25A3, cyp-25A4, cyp-25A6"
"15969","SAIDATNGGLDTLSK",5,"M70.1, M70.3"
"16035","SAPVDEMSQDQK",5,"vit-3, vit-4"
"16036","SAPVDEMSQDQKDMESDKDSLFFNVHEK",20,"vit-3, vit-4"
"16057","SASNNCNVNNPYILGR",10,"gfi-1, F57F4.4"
"16079","SAVDQFTK",1,"Y47G6A.21, Y47G6A.22"
"16081","SAVGICSMGVMR",2,"vha-2, vha-3"
"16082","SAVGICSMGVMRPELIMK",11,"vha-2, vha-3"
"16111","SCLGESLAR",1,"cyp-34A9, cyp-35C1, cyp-35A4"
"16113","SCLLLR",4,"rab-1, snx-27"
"16127","SCVISNSMSK",8,"T02B11.3, T02B11.4"
"16145","SDDKFLVK",11,"vit-5, vit-3, vit-4"
"16163","SDGPIGLYR",14,"ant-1.3, ant-1.4, ant-1.1, ant-1.2"
"16204","SDPYLNFK",5,"gem-4, nra-1"
"16205","SDPYLNFKR",3,"gem-4, nra-1"
"16234","SDYESSSDYESNYDEKETEK",1,"vit-5, vit-4"
"16235","SDYESSSDYESNYDEKETEKELVK",1,"vit-5, vit-4"
"16251","SEEHIAVTR",3,"C10C5.3, C10C5.4, C10C5.5"
"16270","SEIAYGLR",8,"vit-2, vit-1"
"16280","SEITFNAQLEQSTEQK",2,"vit-3, vit-4"
"16281","SEITFNAQLEQSTEQKK",7,"vit-3, vit-4"
"16284","SEIVDILVQGLQR",2,"gfat-1, gfat-2"
"16358","SEVTVNAQLQQSK",13,"vit-2, vit-1"
"16412","SFLHEFGAK",1,"F35C11.2, M05D6.3"
"16426","SFPENSMAGFAQAK",3,"T12B3.3, Y40C5A.4"
"16437","SFSGAQFDFAAIFEK",2,"vit-2, vit-1"
"16446","SFTSSSGDLLNAPNR",3,"frm-5.2, frm-5.1"
"16447","SFTTTAER",1,"act-4, act-3, act-2, act-1"
"16452","SFVNDVFER",2,"his-48, his-41, his-54, his-52, his-44, his-34, his-29, his-8, his-39, his-58, his-62, his-66, his-22, his-20, his-4, his-11, his-15"
"16466","SGAVFNR",4,"spl-2, C49C3.4"
"16469","SGDAGIVELIPTKPL",11,"eef-1A.1, eef-1A.2"
"16470","SGDAGIVELIPTKPLCVESFTDYAPLGR",16,"eef-1A.1, eef-1A.2"
"16509","SGGTTMYPGIADR",2,"act-4, act-3, act-2, act-1"
"16511","SGGVWVGAR",9,"clec-207, clec-208"
"16537","SGKPLHFK",3,"cyn-7, cyn-3"
"16538","SGKPLHFKGSK",3,"cyn-7, cyn-3"
"16544","SGLIYEETR",1,"his-46, his-37, his-50, his-31, his-64, his-5, his-56, his-60, his-38, his-18, his-28, his-1, his-67, his-26, his-10, his-14"
"16560","SGPFGQLFRPDNFVFGQSGAGNNWAK",25,"tbb-2, ben-1, tbb-1"
"16580","SGSAVEDTLANVK",1,"C06C6.9, F36G9.15"
"16581","SGSEAAQFDQK",4,"mlc-1, mlc-2"
"16605","SGTSTTDFYR",4,"pud-2.1, pud-2.2"
"16621","SHEHAPSEVSNVR",4,"igdb-2, igdb-1"
"16631","SHLISNGR",3,"ugt-49, ugt-46, ugt-47"
"16633","SHLNYETR",6,"gln-6, gln-5"
"16644","SHVPYR",2,"unc-116, klp-12, klp-17"
"16646","SHYATLYTCDPSSACAAMGLR",2,"gfi-1, F57F4.4"
"16677","SIEMDGLVWGGAK",11,"eef-1B.1, eef-1B.2"
"16688","SIFGLASELPFK",3,"ent-2, ent-1"
"16692","SIFVDLEPTVVDEIR",23,"tba-2, tba-1, tba-4, tba-7"
"16699","SIGFIGHYLDQSR",9,"acly-2, acly-1"
"16723","SILNLFSLR",14,"vit-5, vit-3, vit-4"
"16724","SILNLFSLRK",14,"vit-5, vit-3, vit-4"
"16731","SINFDKCTER",12,"vit-2, vit-1"
"16752","SIQFVDWCPTGFK",1,"mec-12, tba-9"
"16808","SKLVLEENHSIK",18,"vit-2, vit-1"
"16865","SLEIKDTCR",6,"gfi-1, F57F4.4"
"16866","SLEIKDTCRPLWSDR",22,"gfi-1, F57F4.4"
"16868","SLELYDSCAR",53,"gfi-1, F57F4.4"
"16869","SLELYDSCARMEPYYPEFR",2,"gfi-1, F57F4.4"
"16883","SLGGGTGSGMGTLLISK",3,"tbb-4, tbb-2, ben-1, tbb-1, mec-7"
"16886","SLGIIPYR",2,"ZC262.10, ZC262.9"
"16887","SLGLDNSNNTFYLDR",24,"gfi-1, F57F4.4"
"16888","SLGLFYDMSR",33,"F28B4.3, irg-7"
"16889","SLGLNNER",9,"gfi-1, F57F4.4"
"16890","SLGLNNERK",18,"gfi-1, F57F4.4"
"16898","SLHDVTGK",2,"C08E8.2, F57C2.5"
"16914","SLIPSYIR",7,"rab-6.1, rab-6.2"
"16929","SLLTFLTNDSK",14,"vit-5, vit-3, vit-4"
"16930","SLLTFLTNDSKFELHR",30,"vit-5, vit-3, vit-4"
"16939","SLNALQQVVAR",4,"gfat-1, gfat-2"
"16944","SLNQTAGVHITESVQLR",3,"duox-2, bli-3"
"16949","SLNTGSPFPLIHMK",7,"duox-2, bli-3"
"17006","SLYTVNVNGQEVMK",37,"vit-2, vit-1"
"17007","SLYTVNVNGQEVMKTETR",19,"vit-2, vit-1"
"17009","SLYVYDSCR",8,"gfi-1, F57F4.4"
"17011","SMDADIENIK",1,"M70.1, M70.3"
"17014","SMDNEYLR",2,"Y59A8B.25, Y59A8B.8"
"17048","SMPQDVQVVLLSATMPSEVLDVTNR",10,"F57B9.3, inf-1"
"17079","SNGPPIYINR",6,"hpo-33, F28B1.2, F28B1.9"
"17107","SNPMHTDKADLYFANVEK",12,"dod-20, dod-19, ZK6.11"
"17154","SPFDDDFTDTAAPVAPPPAPTK",2,"frm-5.2, frm-5.1"
"17159","SPGFLR",1,"attf-4, hecd-1, E01A2.2"
"17167","SPIGDQTTASMK",2,"F19C7.2, F19C7.4"
"17168","SPILEETK",10,"vit-2, vit-1"
"17169","SPILEETKEWTLR",42,"vit-2, vit-1"
"17195","SPMEHENKEWTLR",12,"vit-5, vit-3"
"17222","SPSGGLVLLTCEENK",2,"gfi-1, F57F4.4"
"17241","SPVIVDYKEYHTDTTVK",1,"top-2, cin-4"
"17248","SPYAVAK",1,"bre-1, gmd-2"
"17283","SQLESLSQK",1,"F45D11.14, F45D11.15, F45D11.16"
"17287","SQLLVVRPEMPSSLR",15,"vit-2, vit-1"
"17290","SQLQTTCVTK",4,"C08F11.12, Y45F10C.2"
"17308","SQNSQLLER",1,"M70.1, M70.3"
"17324","SQRPQLR",2,"gfi-1, F57F4.4"
"17326","SQSDVLR",1,"eef-1A.2, Y34B4A.9"
"17357","SREIFLSQPILLELEAPLK",3,"gsp-1, gsp-2"
"17358","SRFPTDFNR",1,"ppw-1, sago-2"
"17383","SSATYYQFK",6,"asp-6, asp-2"
"17399","SSEDPKQIAYETESLRK",1,"col-159, col-160"
"17411","SSFHIQK",5,"rpl-37, W01D2.1"
"17460","SSLIIVGNSAAMIDNIAPILTNQLR",6,"T19D12.1, T19D12.2"
"17461","SSLLLR",1,"rol-3, F33H12.6, F59H6.5, Y16E11A.2, Y46B2A.2, rab-35, ZK250.9"
"17466","SSLQSVEPLDLQFSK",8,"M70.1, M70.3"
"17512","SSSIITILAQK",3,"igdb-2, igdb-1"
"17542","SSVILDVKPWDDETDLGEMEK",5,"eef-1B.1, eef-1B.2"
"17552","SSYFVR",2,"sdc-2, frm-5.2, frm-5.1"
"17554","SSYNASIAK",1,"acdh-8, acdh-10"
"17576","STCASAANQVK",1,"lys-5, lys-6"
"17578","STDACLDPTVSPPR",2,"gfi-1, F57F4.4"
"17585","STDPTPPQLTR",4,"pud-1.1, pud-1.2"
"17588","STEEIDRQYETFGLR",3,"vit-5, vit-3, vit-4"
"17589","STELLIRR",2,"his-45, his-49, his-42, his-32, his-63, his-6, his-55, his-59, his-40, his-27, his-17, his-2, his-25, his-9, his-13"
"17627","STITVNIKR",10,"dod-20, dod-19, ZK6.11"
"17634","STLHLVLR",1,"ubq-1, ubq-2"
"17648","STNPCYQQLAVR",14,"vit-5, vit-3, vit-4"
"17688","STTTGHLIYK",22,"eef-1A.1, eef-1A.2"
"17723","SVASSAEPPPPPPPAPK",7,"F47B3.4, F47B3.5"
"17727","SVAYNTGFLTTGVDNWLVDGTMVQER",1,"pud-1.1, pud-1.2"
"17733","SVDEFR",3,"C06A6.4, T19D12.1, T19D12.2"
"17734","SVDEFRNQVIAFNGMIQPISQSSSISDALLYVTTSLPAGGVK",2,"T19D12.1, T19D12.2"
"17736","SVDETLR",1,"prdx-2, prdx-3"
"17738","SVDHVLER",3,"F44E7.4, Y70C5C.1"
"17745","SVDYGKK",1,"mec-12, tba-2, tba-1, tba-9, tba-4"
"17749","SVEDLKK",1,"cyp-37A1, F26D10.13"
"17754","SVELRECEGLCR",1,"gfi-1, F57F4.4"
"17755","SVEMHHESLPEAVPGDNVGFNVK",8,"eef-1A.1, eef-1A.2"
"17774","SVGIGAYTAR",1,"T28F3.5, pod-2"
"17816","SVNFDKCITRPETAYGLR",2,"vit-5, vit-3, vit-4"
"17828","SVPSLQTGAEQLCDGK",4,"gfi-1, F57F4.4"
"17833","SVQETLYPSEHIADLLIQLAQSPLSEK",28,"vit-5, vit-3, vit-4"
"17834","SVQETLYPSEHIADLLIQLAQSPLSEKYEPLR",6,"vit-5, vit-3, vit-4"
"17836","SVQFVDWCPTGFK",1,"tba-4, tba-7"
"17852","SVTDNDIR",1,"cdc-48.1, cdc-48.2"
"17869","SVVTASQNSQLLER",10,"M70.1, M70.3"
"17908","SYDLETAER",28,"vha-2, vha-3"
"17913","SYELPDGQVITVGNER",47,"act-4, act-3, act-2, act-1"
"17922","SYHCVPK",14,"gfi-1, F57F4.4"
"17924","SYIEHAK",2,"pud-1.1, pud-1.2"
"17930","SYLLKNEECEAEEER",5,"vit-2, vit-1"
"17931","SYLLKNEECEAEEERLSEK",2,"vit-2, vit-1"
"17932","SYLLKNEECEAEEERLSEKK",1,"vit-2, vit-1"
"17934","SYLLKNEECEVENDR",1,"vit-5, vit-3"
"17935","SYLLKNEECEVENDRISEK",1,"vit-5, vit-3"
"17989","TADFSGNDVPLHVSVR",68,"lec-2, lec-1"
"17990","TADFSGNDVPLHVSVRFDEGK",3,"lec-2, lec-1"
"17997","TADQNIEVNNR",3,"wago-1, wago-5"
"18073","TAMDVVYALK",2,"his-46, his-37, his-50, his-31, his-64, his-5, his-56, his-60, his-38, his-18, his-28, his-1, his-67, his-26, his-10, his-14"
"18111","TATFVGIDYATIR",4,"F25H5.7, F55F8.7"
"18120","TAVAPIER",11,"ant-1.3, ant-1.4, ant-1.1, ant-1.2"
"18121","TAVCDIPPR",38,"tbb-4, tbb-2, ben-1, tbb-1, mec-7"
"18123","TAVLTAGR",6,"ctl-3, ctl-2, ctl-1"
"18139","TCDPSSACAAMGLR",8,"gfi-1, F57F4.4"
"18142","TCFSAAHQALPAAVR",2,"igdb-2, igdb-1"
"18213","TDLSEIKFDK",19,"vit-5, vit-3, vit-4"
"18240","TDSNGQFR",2,"ttr-28, ttr-29"
"18261","TDVTMNELYLQCR",1,"frm-5.2, frm-5.1"
"18276","TEAPLNPK",2,"act-4, act-3, act-2, act-1, act-5"
"18278","TEAVDALR",31,"vit-5, vit-3, vit-4"
"18309","TELLAARPQMPSSLR",17,"vit-5, vit-3, vit-4"
"18315","TEMPPHLFAVSDEAYR",12,"unc-54, myo-2"
"18329","TESQTTQTGGETAEGKEEEVNK",1,"F35C11.2, M05D6.3"
"18330","TESQTTQTGGETAEGKEEEVNKNVTPEEAFK",1,"F35C11.2, M05D6.3"
"18343","TEVDNKGHQIGK",2,"pud-1.1, pud-1.2"
"18344","TEVDNKGHQIGKK",1,"pud-1.1, pud-1.2"
"18345","TEVGGYPALR",6,"duox-2, bli-3"
"18373","TFHAQVIIMNHPGQISNGYTPVLDCHTAHIACK",1,"eef-1A.1, eef-1A.2"
"18374","TFHKLR",1,"rad-50, plst-1"
"18399","TFQVSSTNGK",14,"F11D11.22, F11D11.3"
"18457","TGGPFFYDR",4,"ppw-1, sago-2"
"18467","TGKKVEDFPK",1,"eef-1A.1, eef-1A.2"
"18514","TGTIVAIAYVQDK",4,"F47B3.1, F47B3.6"
"18560","THTVPIYEGYALPHAILR",2,"act-4, act-3, act-2, act-1"
"18579","TICKSLGLNNER",6,"gfi-1, F57F4.4"
"18580","TICKSLGLNNERK",1,"gfi-1, F57F4.4"
"18589","TIDLCNNPLTK",1,"uggt-2, uggt-1"
"18594","TIEKFEK",1,"eef-1A.1, eef-1A.2"
"18595","TIEKFEKEAQEMGK",5,"eef-1A.1, eef-1A.2"
"18596","TIELDGK",1,"rab-1, rab-8"
"18655","TIQFVDWCPTGFK",10,"tba-2, tba-1"
"18656","TIQHLQWENWPDR",1,"F47B3.1, F47B3.6"
"18661","TIQTPEQEVELK",7,"vit-5, vit-3, vit-4"
"18674","TISHSQYQMSTEEIDR",34,"vit-5, vit-3, vit-4"
"18675","TISHSQYQMSTEEIDRQYETF",1,"vit-5, vit-3, vit-4"
"18676","TISHSQYQMSTEEIDRQYETFGLR",33,"vit-5, vit-3, vit-4"
"18681","TISTDKDITGYCCTTGTN",1,"gfi-1, F57F4.4"
"18682","TISTDKDITGYCCTTGTNCNVK",60,"gfi-1, F57F4.4"
"18691","TITLEVEASDTIENVK",38,"ubq-1, ubq-2"
"18692","TITLEVEASDTIENVKAK",4,"ubq-1, ubq-2"
"18698","TITTAYYR",9,"rab-3, rab-8"
"18702","TITVNIKR",2,"dod-20, dod-19, ZK6.11"
"18720","TKGTQAFGK",2,"rpl-37, W01D2.1"
"18753","TLDMGVQALVDEFR",4,"F47B3.1, F47B3.6"
"18759","TLDTLPGVNPDQYVALWYMQGEPVMGR",2,"C04G2.9, Y69E1A.2"
"18764","TLEGDCQVAYTVIR",39,"vit-2, vit-1"
"18781","TLFPAHDDNVLR",3,"top-2, cin-4"
"18793","TLHLVLR",1,"ubq-1, ubq-2"
"18795","TLHPDFVQR",2,"unc-54, myo-2"
"18809","TLLEALDSIIPPQRPTDR",12,"eef-1A.1, eef-1A.2"
"18810","TLLEALDSIIPPQRPTDRP",3,"eef-1A.1, eef-1A.2"
"18811","TLLEALDSIIPPQRPTDRPL",13,"eef-1A.1, eef-1A.2"
"18812","TLLEALDSIIPPQRPTDRPLR",35,"eef-1A.1, eef-1A.2"
"18813","TLLEALDSIIPPQRPTDRPLRLPLQDVYK",3,"eef-1A.1, eef-1A.2"
"18855","TLSDYNIQK",16,"ubq-1, ubq-2"
"18856","TLSDYNIQKESTLHLVLR",11,"ubq-1, ubq-2"
"18876","TLVDATEALAGK",4,"C32D5.8, T28A11.13"
"18891","TLVTAIPYPTTDK",4,"T19D12.1, T19D12.2"
"18892","TLVTAIPYPTTDKYNVQGYGSAR",21,"T19D12.1, T19D12.2"
"18896","TLWYDR",10,"gfi-1, F57F4.4"
"18897","TLWYDRDITGCCCTNGPNCNLNQVVPRPPINNPGR",24,"gfi-1, F57F4.4"
"18898","TLWYDRDITGCCCTNGPNCNLNQVVPRPPINNPGRR",3,"gfi-1, F57F4.4"
"18912","TMEGDCEVAYTIVQEGEK",48,"vit-5, vit-3"
"18922","TMLELLNQLDGFEATK",12,"F56F11.4, rpt-6"
"18935","TMYLEDR",7,"rab-6.1, rab-6.2"
"18936","TMYPGIADR",1,"act-4, act-3, act-2, act-1"
"18938","TNACIDPTVYPAR",3,"gfi-1, F57F4.4"
"18983","TNMPSVASQNQLCGLCGNNDGER",4,"vit-5, vit-3, vit-4"
"19031","TPDVSVVDLTAR",4,"gpd-3, gpd-2"
"19046","TPFYPR",2,"bre-1, gmd-2"
"19055","TPHVLK",1,"hmit-1.1, hmit-1.2"
"19088","TPPTKPR",1,"col-144, col-145, col-10, col-126, col-127, col-176"
"19141","TQDLPLIR",9,"vit-5, vit-3, vit-4"
"19142","TQDLPLIRPA",1,"vit-5, vit-3, vit-4"
"19143","TQDLPLIRPASR",31,"vit-5, vit-3, vit-4"
"19159","TQIFSNPMHTDK",60,"dod-20, dod-19, ZK6.11"
"19160","TQIFSNPMHTDKADLYFANVEK",178,"dod-20, dod-19, ZK6.11"
"19163","TQIKEFSHR",4,"vit-2, vit-1"
"19164","TQINHEIK",1,"col-133, col-94, col-93, col-92"
"19168","TQLPSYSR",10,"vit-2, vit-1"
"19282","TSMPVTNFR",1,"gfi-1, F57F4.4"
"19303","TSSDSFHR",2,"duox-2, bli-3"
"19329","TSVGTLDHTGIQNVK",1,"lys-10, lys-4"
"19377","TTGHLIYK",1,"eef-1A.1, eef-1A.2"
"19384","TTGPEIWR",4,"cysl-1, cysl-2, cysl-3"
"19388","TTGVVLDSGDGVTHTVPIYEGYALPH",8,"act-4, act-3, act-1"
"19389","TTGVVLDSGDGVTHTVPIYEGYALPHAILR",44,"act-4, act-3, act-1"
"19396","TTIIIAHR",5,"pgp-11, pgp-1, pgp-8"
"19409","TTLFHPDYAPLVELLQTFR",4,"ppw-1, sago-2"
"19432","TTPSYVAFTDTER",20,"hsp-70, hsp-1, F44E5.4, F44E5.5"
"19442","TTSTSQLKEIHETLYVK",19,"vit-2, vit-1"
"19459","TTVINTSK",1,"fmo-1, fmo-2"
"19462","TTVSVHTR",6,"vit-5, vit-3, vit-4"
"19463","TTVSVHTRP",3,"vit-5, vit-3, vit-4"
"19464","TTVSVHTRPVA",1,"vit-5, vit-3, vit-4"
"19465","TTVSVHTRPVAF",10,"vit-5, vit-3, vit-4"
"19466","TTVSVHTRPVAFIR",22,"vit-5, vit-3, vit-4"
"19467","TTVSVHTRPVAFIRVPK",1,"vit-5, vit-3, vit-4"
"19544","TVLGAAYGTAK",1,"vha-2, vha-3"
"19553","TVLSGGTTMYPGIADR",3,"act-4, act-3, act-2, act-1"
"19568","TVPIYEGYALPHAILR",1,"act-4, act-3, act-2, act-1"
"19574","TVPSGFR",3,"gfi-1, F57F4.4"
"19575","TVPSGFRK",2,"gfi-1, F57F4.4"
"19576","TVPTPPLK",2,"gfi-1, F57F4.4"
"19577","TVPTPPLKCYVGLYSTSVPSLQTGAEQLCDGK",8,"gfi-1, F57F4.4"
"19591","TVSDSCGDVIK",13,"F19C7.2, F19C7.4"
"19605","TVTAMDVVYALK",39,"his-46, his-37, his-50, his-31, his-64, his-5, his-56, his-60, his-38, his-18, his-28, his-1, his-67, his-26, his-10, his-14"
"19606","TVTAMDVVYALKR",40,"his-46, his-37, his-50, his-31, his-64, his-5, his-56, his-60, his-38, his-18, his-28, his-1, his-67, his-26, his-10, his-14"
"19607","TVTAMDVVYALKRQGRTLYGFGG",1,"his-46, his-37, his-50, his-31, his-64, his-5, his-56, his-60, his-38, his-18, his-28, his-1, his-67, his-26, his-10, his-14"
"19612","TVTPNTSITSWTIPYIER",8,"F11D11.22, F11D11.3"
"19631","TVVVPQWQQK",33,"vit-2, vit-1"
"19633","TVVYLTGGFR",1,"F17A9.4, F17A9.5, F56D5.3, T10B5.8, W06H8.2, Y73C8C.10"
"19652","TYANYVQDIQQAAEGLR",36,"T16A9.5, W03D8.9, Y37D8A.5, Y69E1A.1"
"19654","TYCEHAK",1,"his-46, his-37, his-50, his-31, his-64, his-5, his-56, his-60, his-38, his-18, his-28, his-1, his-67, his-26, his-10, his-14"
"19711","VAAIGDGGNDVSMIQAAHAGIGIDANEGK",1,"tat-6, tat-5"
"19726","VACETVTK",1,"sams-3, sams-4, sams-1, sams-5"
"19730","VADFGLAR",1,"Y47G6A.5, src-1"
"19733","VADHFR",1,"M117.3, R08C7.12"
"19823","VAPEEHPV",1,"act-4, act-3, act-2, act-1"
"19824","VAPEEHPVLL",1,"act-4, act-3, act-2, act-1"
"19825","VAPEEHPVLLTEAPLN",1,"act-4, act-3, act-2, act-1"
"19826","VAPEEHPVLLTEAPLNPK",52,"act-4, act-3, act-2, act-1"
"19854","VASQPNENSQNEVAQCK",26,"C08F11.12, Y45F10C.2"
"19898","VCDKQVRMCQWEVEIR",3,"vit-2, vit-1"
"19901","VCFSIEPVSECR",7,"vit-5, vit-3, vit-4"
"19902","VCFSIEPVSECRR",6,"vit-5, vit-3, vit-4"
"19939","VDEYQGAALR",10,"T28F3.8, Y51H4A.24"
"19952","VDGQEIVQTGAIMR",8,"F56A4.3, gst-10"
"19965","VDLAGYGGK",1,"gfi-1, F57F4.4"
"19968","VDLFLDILR",1,"cyp-25A1, cyp-25A2"
"19985","VDPLVSLMMVEK",1,"F56F11.4, rpt-6"
"19993","VDQSEVSTFDNVIYR",43,"vit-5, vit-4"
"20006","VDSTDNGNVTPR",4,"frm-5.2, frm-5.1"
"20031","VEDHAQTTVIK",2,"pud-2.1, pud-2.2"
"20049","VEGANEQIQVLK",5,"C39H7.1, Y38H8A.3"
"20057","VEIIANDQGNR",22,"hsp-3, hsp-1, hsp-4"
"20098","VETGIIKPGMVVT",2,"eef-1A.1, eef-1A.2"
"20099","VETGIIKPGMVVTFAPQNVTTEVK",44,"eef-1A.1, eef-1A.2"
"20139","VFFDITIGGK",2,"cyn-3, cyn-2"
"20145","VFHDFR",2,"cgh-1, nhr-80"
"20149","VFHLNK",1,"srz-12, Y37E3.8"
"20161","VFLENVIR",26,"his-46, his-37, his-50, his-31, his-64, his-5, his-56, his-60, his-38, his-18, his-28, his-1, his-67, his-26, his-10, his-14"
"20162","VFLENVIRDAV",1,"his-46, his-37, his-50, his-31, his-64, his-5, his-56, his-60, his-38, his-18, his-28, his-1, his-67, his-26, his-10, his-14"
"20163","VFLENVIRDAVTYCEHAK",1,"his-46, his-37, his-50, his-31, his-64, his-5, his-56, his-60, his-38, his-18, his-28, his-1, his-67, his-26, his-10, his-14"
"20171","VFMQHFR",7,"vit-5, vit-3, vit-4"
"20172","VFMQQYK",2,"vit-2, vit-1"
"20173","VFMQQYKDAETTYEK",17,"vit-2, vit-1"
"20174","VFNFLGLEVSTR",27,"vit-2, vit-1"
"20180","VFNSKDPAAIAWGSVK",11,"gpd-4, gpd-1"
"20183","VFPSIVGRPR",4,"act-4, act-3, act-2, act-1, act-5"
"20185","VFPTEIHFISPSGESTTTFTK",1,"pud-1.1, pud-1.2"
"20199","VFTSVGTLDHTGIQNVK",63,"lys-10, lys-4"
"20236","VGDEAQSKR",1,"act-4, act-3, act-2, act-1, act-5"
"20292","VGINYQPPTVVPGGDLAK",16,"mec-12, tba-2, tba-1, tba-4"
"20332","VGTEWVSK",4,"unc-54, myo-1"
"20355","VHANLQIYAIR",66,"F28B4.3, irg-7"
"20356","VHANLQIYAIRDGVQTEVYGSSGMYR",5,"F28B4.3, irg-7"
"20366","VHGLNGSNEQEATFLDMFFEGVR",5,"F56A4.4, gst-10, Y45G12C.3"
"20373","VHINIVVIGHVDSGK",21,"eef-1A.1, eef-1A.2"
"20386","VHNNCTSPEAGVTACCCDSDACLDPNR",8,"gfi-1, F57F4.4"
"20387","VHNNCTSPEAGVTACCCDSDACLDPNRGK",5,"gfi-1, F57F4.4"
"20389","VHPDFGNALR",3,"ctl-3, ctl-1"
"20395","VHSNANIKK",2,"gst-8, gst-7"
"20397","VHTTIYTK",11,"vit-5, vit-3, vit-4"
"20403","VHYNTGPFTTGTDNWK",1,"pud-2.1, pud-2.2"
"20414","VIAIIAEGVPENQTR",9,"acly-2, acly-1"
"20461","VIISAPSADAPMFVVGVNHEK",28,"gpd-3, gpd-2"
"20462","VIISAPSADAPMYVVGVNHEK",8,"gpd-4, gpd-1"
"20476","VIMSAGATAGK",4,"acs-10, acs-6"
"20481","VINDNFGIIEGLMTTVHAVTATQK",51,"gpd-4, gpd-3, gpd-2, gpd-1"
"20490","VINQVLTEMDGMNAK",4,"cdc-48.1, cdc-48.2"
"20500","VIRGEQEIVAQLQNEEIR",25,"vit-2, vit-1"
"20512","VISSIEQK",4,"ftt-2, par-5"
"20513","VISSIEQKTEGSEK",13,"ftt-2, par-5"
"20514","VISSIEQKTEGSEKK",4,"ftt-2, par-5"
"20531","VIVPNR",1,"chs-2, ZK896.1"
"20564","VKLQIWDTAGQER",4,"rab-3, rab-37, rab-35"
"20625","VLEDKELIER",1,"ugt-22, Y43D4A.2"
"20635","VLEQLTGQTPVFSK",52,"rpl-11.2, rpl-11.1"
"20637","VLESDMGIGGVLGLLWFQK",1,"acly-2, acly-1"
"20642","VLFDLSSR",4,"clec-70, clec-72"
"20667","VLIIGGSIANFTNVAK",7,"acly-2, acly-1"
"20676","VLKEEERDR",7,"ctl-3, ctl-1"
"20679","VLKQVHPDTGVSSK",4,"his-48, his-41, his-54, his-52, his-44, his-34, his-29, his-8, his-58, his-62, his-66, his-22, his-20, his-4, his-11, his-15"
"20685","VLLFTR",1,"vit-3, vit-4"
"20692","VLLPIYK",1,"vit-2, vit-1"
"20693","VLLPVYK",6,"vit-5, vit-3, vit-4"
"20694","VLLSYFLER",1,"F47B3.1, F47B3.6"
"20696","VLLVSDPTTDK",3,"C02G6.2, F44E7.4, Y70C5C.1"
"20725","VLRDNIQGITKPAIR",1,"his-46, his-37, his-50, his-31, his-64, his-5, his-56, his-60, his-38, his-18, his-28, his-1, his-67, his-26, his-10, his-14"
"20730","VLSGGTTMYPGIADR",3,"act-4, act-3, act-2, act-1"
"20750","VLTEYLAK",9,"plp-2, plp-1"
"20769","VLVMSFR",1,"C39B5.14, K03H6.2, Y51H4A.5"
"20794","VMEYFIK",5,"hsp-3, hsp-4"
"20802","VMGPVR",1,"F47G9.4, kin-2"
"20845","VNENPGLLSFGLILFR",4,"duox-2, bli-3"
"20860","VNGEKESIIYSSR",17,"vit-2, vit-1"
"20888","VNPTELEQYNIEILGDNLIVIR",16,"vit-5, vit-3, vit-4"
"20903","VNTLITPLQQK",18,"rpl-25.2, rpl-25.1"
"20921","VPADVVLLR",3,"tat-6, tat-5"
"20949","VPEPPKAPPPVDDVK",1,"F47B3.4, F47B3.5"
"20954","VPFLTDNVGTVPH",29,"T22G5.1, ZC155.4"
"20968","VPIGYPDSK",2,"mpst-5, mpst-6"
"20975","VPLELVK",4,"D2063.1, sodh-1"
"20986","VPMVIAR",2,"frm-5.2, frm-5.1"
"20995","VPPTINQFR",25,"rpl-7A, Y73B3A.18"
"21016","VPTPDVSVVDLTAR",38,"gpd-3, gpd-2"
"21017","VPTPDVSVVDLTVR",18,"gpd-4, gpd-1"
"21045","VPYVLHLR",1,"frm-5.2, frm-5.1"
"21069","VQFSEIR",3,"vit-2, vit-1"
"21070","VQFSEIRR",8,"vit-2, vit-1"
"21089","VQLVIETTLAVAGTK",4,"vit-5, vit-3, vit-4"
"21090","VQLYDPNTK",10,"T08D2.1, Y60A3A.9"
"21103","VQQTDSQNAHAVF",1,"vit-5, vit-3, vit-4"
"21104","VQQTDSQNAHAVFYLR",72,"vit-5, vit-3, vit-4"
"21107","VQSGIQMLQEIVK",7,"vit-5, vit-3, vit-4"
"21108","VQSGIQMLQEIVKK",23,"vit-5, vit-3, vit-4"
"21189","VSFDLPEYTAEVDAVGTLR",3,"bre-1, gmd-2"
"21202","VSGPKEEIVYSMENEK",13,"vit-5, vit-3, vit-4"
"21205","VSGSELVQK",1,"F56F11.4, rpt-6"
"21212","VSIDNQTGSHFK",1,"pud-1.1, pud-1.2"
"21235","VSMAGDELTSK",5,"F45D11.14, F45D11.15, F45D11.16"
"21274","VSVDDLIEK",2,"eef-1B.1, eef-1B.2"
"21326","VTFCDFQVR",1,"inx-17, inx-8"
"21330","VTFVEESKINR",1,"vit-5, vit-3, vit-4"
"21343","VTIAEDGVR",2,"C33F10.12, T05F1.8"
"21346","VTIAQGGVLPNIQAVLLPK",6,"his-47, his-35, his-51, his-53, his-43, his-33, his-30, his-7, his-57, his-61, his-65, his-19, his-21, his-3, his-68, his-16, his-12"
"21361","VTLEDQIVQTNPVLEAFGNAK",12,"unc-54, myo-1, myo-2"
"21371","VTNDGATILK",1,"cct-1, cct-2"
"21377","VTPPTKPR",1,"col-144, col-145, col-10, col-126, col-127, col-176"
"21387","VTSASAGYDLNK",31,"vha-2, vha-3"
"21388","VTSASAGYDLNKGFAHLAAGLTCGLCGLGAGYAIGIVGDAGVR",1,"vha-2, vha-3"
"21416","VTYCEHAK",1,"his-46, his-37, his-50, his-31, his-64, his-5, his-56, his-60, his-38, his-18, his-28, his-1, his-67, his-26, his-10, his-14"
"21440","VVDIAAVVQTAK",11,"cth-1, cth-2"
"21442","VVDLIGYIATR",8,"gpd-4, gpd-1"
"21443","VVDLIGYIATRG",7,"gpd-4, gpd-1"
"21444","VVDLISYIATK",18,"gpd-3, gpd-2"
"21445","VVDLISYIATKA",16,"gpd-3, gpd-2"
"21504","VVGVEDENQK",1,"C33E10.10, T25G12.13, dhs-30"
"21530","VVLPTIAR",16,"vit-5, vit-3, vit-4"
"21534","VVLQLSVEPLSR",20,"vit-5, vit-3, vit-4"
"21537","VVLVLR",1,"rpl-27, ncx-3"
"21553","VVNLFR",1,"H39E20.1, K11H12.4"
"21573","VVRREEEIVVKK",1,"vit-5, vit-3, vit-4"
"21576","VVSAISLYNGLVDNSIPSDEAITDLLNIGGVK",5,"M70.1, M70.3"
"21610","VVVPENQK",16,"vit-2, vit-1"
"21611","VVVQLTVEPMSR",15,"vit-2, vit-1"
"21634","VWNDTIER",1,"rsf-1, pals-33"
"21638","VWPHGDYPLIEVGK",8,"ctl-3, ctl-2, ctl-1"
"21644","VYAIPAIK",2,"gst-37, gst-26, gst-27, gst-31, gst-32"
"21673","VYLPSIAQR",27,"vit-2, vit-1"
"21676","VYNSRDPAEIQWGASGADYVVESTGVFTTIEK",10,"gpd-3, gpd-2"
"21691","VYTFNSSR",2,"mca-2, mca-1"
"21713","WATHGSPR",1,"gfat-1, gfat-2"
"21714","WAVENNTR",2,"T12B3.3, Y40C5A.4"
"21727","WEQLVEDFFK",10,"vit-2, vit-1"
"21750","WLSDAQAIR",16,"F19C7.2, F19C7.4"
"21764","WNNVPQDDQR",4,"clec-52, clec-53"
"21772","WPAANADLTSSEYDTITNNNVK",3,"T28F3.8, Y51H4A.24"
"21793","WSEFLAEFK",2,"ugt-61, ugt-62"
"21802","WTDTDADPHNTTR",3,"fat-7, fat-6"
"21806","WTNMEVVR",1,"pcp-3, pcp-4"
"21807","WTPEGMTTEAFSANTDKNR",2,"F47B3.1, F47B3.6"
"21813","WVAEFQAAAFQVEHR",21,"F19C7.2, F19C7.4"
"21826","WVPQTALLNDPR",1,"ugt-28, ugt-26, ugt-29"
"21832","WVVQNFGNIR",1,"mpst-4, mpst-5, mpst-6"
"21874","YAIECLNAGR",6,"acdh-1, acdh-3"
"21888","YAPISCHLQR",1,"C39H7.1, Y38H8A.3"
"21889","YAPIVEK",3,"wdr-48, gst-36"
"21945","YDGIILPPKPK",37,"rpl-11.2, rpl-11.1"
"21948","YDHANDHIISNAS",1,"gpd-3, gpd-2"
"21949","YDHANDHIISNASCTTN",2,"gpd-3, gpd-2"
"21950","YDHANDHIISNASCTTNCLAPLAK",7,"gpd-3, gpd-2"
"21951","YDIQFVAGEFIVNR",7,"T28F3.8, Y51H4A.24"
"21955","YDLETAER",1,"vha-2, vha-3"
"21956","YDLLAR",2,"rpt-1, emb-5, Y59E9AL.4"
"21970","YDPTIEDSYR",13,"rap-1, let-60"
"21971","YDPTIEDSYRK",7,"rap-1, let-60"
"21977","YDSTHGQFK",3,"gpd-4, gpd-1"
"21980","YDVLTQEIR",4,"ppw-1, sago-2"
"22000","YEGYALPHAILR",1,"act-4, act-3, act-2, act-1"
"22012","YEPLRQSAWLAAGSVVR",2,"vit-5, vit-3, vit-4"
"22037","YFAQIGFSQQHMDK",20,"vit-2, vit-1"
"22038","YFAQIGFSQQHMDKYVQMALEK",1,"vit-2, vit-1"
"22039","YFAQVGFSQQNFEQVILK",21,"vit-5, vit-3, vit-4"
"22059","YFPTQALNFAFK",3,"ant-1.3, ant-1.4, ant-1.2"
"22076","YGATVYLLEHR",40,"pcp-3, pcp-4"
"22098","YGFVPNGGR",21,"tre-5, tre-3"
"22135","YGPGLINNQK",1,"gcp-2.3, gcp-2.2"
"22138","YGQANPPEYDFTAIK",10,"lipl-3, lipl-5"
"22169","YGYGYQGK",1,"C04G2.9, Y59E9AL.2, Y59E9AL.3, Y69E1A.2"
"22173","YHCVPK",1,"gfi-1, F57F4.4"
"22197","YIELTR",4,"C29F3.7, rbm-12"
"22223","YIQICQR",1,"frm-5.2, frm-5.1"
"22237","YIVGPIK",1,"Y51A2D.1, Y51A2D.8"
"22250","YKEMDYIVLPIDMETIDNVVEK",19,"vit-3, vit-4"
"22252","YKETYAELLVGDYGEK",3,"F47B3.1, F47B3.6"
"22278","YLEAVR",1,"arx-6, hmgs-1, rpn-1"
"22284","YLFLGDYVDR",1,"tax-6, pph-1, C23G10.1, C24H11.1, C24H11.2, C25A6.1, C27B7.6, C34D4.2, C47A4.3, F22D6.9, F23B12.1, F25B3.4, gsp-1, F52H3.6, gsp-2, T16G12.7, T25B9.2, W03D8.2, pph-4.2, Y69E1A.4, ZK354.9, ZK938.1"
"22333","YLPPGAQVVLLSATLPHEILEMTSK",1,"F33D11.10, Y65B4A.6"
"22338","YLQFFGPFGSLLK",1,"F45D11.14, F45D11.15, F45D11.16"
"22355","YLTVAAMFR",21,"tbb-4, tbb-2, ben-1, tbb-1"
"22360","YLVLDEADR",4,"glh-3, F53H1.1, ddx-17, sacy-1, vbh-1, laf-1"
"22367","YMAVCLLYR",4,"tba-2, tba-1, tba-6, tba-4, tba-7, tba-8"
"22378","YMPHVPPGISHAFGAAAFR",13,"duox-2, bli-3"
"22414","YNLPNVAIAR",8,"clec-151, clec-153"
"22416","YNMENLTSK",1,"lbp-3, lbp-4"
"22427","YNTEIIK",2,"C09G12.5, K03D3.5"
"22429","YNTGGDQFCDGWCGSLNSVVNGK",6,"gfi-1, F57F4.4"
"22435","YNVQGYGSAR",3,"T19D12.1, T19D12.2"
"22439","YNYHQQIK",1,"ppw-1, sago-2"
"22448","YPDFSFR",1,"gfat-1, gfat-2"
"22452","YPENFFLLR",2,"gsp-1, gsp-2"
"22473","YPLTVDAEFQNMK",19,"ZC262.10, ZC262.9"
"22477","YPNVQQK",1,"cyp-25A1, cyp-25A2, cyp-25A3"
"22488","YPSQLQTTCVTK",13,"C08F11.12, Y45F10C.2"
"22498","YQDVPCQDK",1,"F47B3.1, F47B3.6"
"22500","YQGVNLYVK",5,"pab-2, pab-1"
"22517","YQTIQGFGSTFSDASGANLK",3,"gba-1, gba-2"
"22539","YSDVDYLETWK",2,"Y39G8B.1, Y39G8B.2"
"22546","YSEIYYPTVPVK",11,"clec-79, clec-73"
"22547","YSEIYYPTVPVKDGIIVR",6,"clec-79, clec-73"
"22569","YSLDNPGR",1,"B0238.1, C52A10.2"
"22583","YSSECPECEK",8,"vit-2, vit-1"
"22599","YTAGFSNGVQDLQK",3,"M70.1, M70.3"
"22621","YTGWDADKSDVVMFQPDEVKEIFK",1,"pud-1.1, pud-1.2"
"22628","YTLVVR",7,"ketn-1, R08E3.1"
"22687","YVGDEAQSKR",1,"act-4, act-3, act-2, act-1, act-5"
"22693","YVIDENNLQDYTDAFLLK",3,"cyp-35A2, cyp-35A5, cyp-35A3"
"22709","YVMSPPLSR",2,"dhp-2, dhp-1"
"22727","YVQMALEK",10,"vit-2, vit-1"
"22773","YYITIIDAPGHR",76,"eef-1A.1, eef-1A.2"
"22774","YYITIIDAPGHRDFIK",28,"eef-1A.1, eef-1A.2"
